INSERT INTO public.book (book_id, title, price, publisher_id, isbn) VALUES (158, '10 Minute Guide to HTML', 15.00, 50, '0-78970541-9');
INSERT INTO public.book (book_id, title, price, publisher_id, isbn) VALUES (184, 'Using HTML', 24.99, 50, '0-78-970622-9');
INSERT INTO public.book (book_id, title, price, publisher_id, isbn) VALUES (157, 'Beyond HTML', 27.95, 47, '0-07-882198-3');
INSERT INTO public.book (book_id, title, price, publisher_id, isbn) VALUES (159, 'Advanced HTML & CGI Writer''s Companion', 29.95, 37, '0-12623540-6');
INSERT INTO public.book (book_id, title, price, publisher_id, isbn) VALUES (160, 'Creating Cool Web Pages with HTML', 19.99, 40, '1-56-884454-9');
INSERT INTO public.book (book_id, title, price, publisher_id, isbn) VALUES (161, 'Creating Web Pages for Dummies', 20.00, 40, '1-56884645-2');
INSERT INTO public.book (book_id, title, price, publisher_id, isbn) VALUES (162, 'How to Use HTML 3', 24.99, 54, '1-56276390-3');
INSERT INTO public.book (book_id, title, price, publisher_id, isbn) VALUES (163, 'HTML 3 How-To', 39.99, 52, '1-57-169050-7');
INSERT INTO public.book (book_id, title, price, publisher_id, isbn) VALUES (164, 'HTML 3 Interactive Course', 39.99, 52, '1-57169066-2');
INSERT INTO public.book (book_id, title, price, publisher_id, isbn) VALUES (165, 'HTML 3.0 Manual of Style (2nd Ed.)', 24.95, 54, '1-56-276352-0');
INSERT INTO public.book (book_id, title, price, publisher_id, isbn) VALUES (166, 'HTML by Example', 34.99, 50, '0-78970812-4');
INSERT INTO public.book (book_id, title, price, publisher_id, isbn) VALUES (167, 'HTML for Dummies 2''nd Edition', 30.00, 40, '1-56-884647-9');
INSERT INTO public.book (book_id, title, price, publisher_id, isbn) VALUES (168, 'HTML For Dummies Quick Reference', 12.99, 40, '1-56884990-7');
INSERT INTO public.book (book_id, title, price, publisher_id, isbn) VALUES (169, 'HTML For Fun and Profit: Gold Signature Edition', 40.00, 49, '0-13-242488-6');
INSERT INTO public.book (book_id, title, price, publisher_id, isbn) VALUES (170, 'HTML for the World Wide Web: Visual Quick Start Guide', 17.95, 48, '0-02188448-8');
INSERT INTO public.book (book_id, title, price, publisher_id, isbn) VALUES (171, 'HTML In Action', 29.95, 43, '1-55615948-X');
INSERT INTO public.book (book_id, title, price, publisher_id, isbn) VALUES (172, 'HTML Plus!', 36.00, 41, '0-53451626-2');
INSERT INTO public.book (book_id, title, price, publisher_id, isbn) VALUES (173, 'HTML Publishing for Netscape, Windows Edition', 39.95, 44, '1-56-604288-7');
INSERT INTO public.book (book_id, title, price, publisher_id, isbn) VALUES (174, 'HTML Publishing on the Internet', 45.00, 42, '0-07-912100-4');
INSERT INTO public.book (book_id, title, price, publisher_id, isbn) VALUES (175, 'HTML Quick Reference', 17.99, 50, '0-78970867-1');
INSERT INTO public.book (book_id, title, price, publisher_id, isbn) VALUES (176, 'HTML Sourcebook, 2nd Ed.', 30.00, 53, '0-47-114242-5');
INSERT INTO public.book (book_id, title, price, publisher_id, isbn) VALUES (177, 'HTML Visual Quick Reference', 15.00, 50, '0-07-970411-0');
INSERT INTO public.book (book_id, title, price, publisher_id, isbn) VALUES (178, 'HTML Web Publisher''s Construction Kit', 36.95, 52, '1-57-169018-2');
INSERT INTO public.book (book_id, title, price, publisher_id, isbn) VALUES (179, 'Hybrid HTML Design', 35.00, 45, '1-56205617-4');
INSERT INTO public.book (book_id, title, price, publisher_id, isbn) VALUES (180, 'More HTML For Dummies', 22.99, 40, '1-56-88499-66');
INSERT INTO public.book (book_id, title, price, publisher_id, isbn) VALUES (181, 'Netscape and HTML EXplorer', 39.99, 38, '0-18-83577578');
INSERT INTO public.book (book_id, title, price, publisher_id, isbn) VALUES (182, 'The Web Page Recipe Book', 29.95, 49, '0-13460296-X');
INSERT INTO public.book (book_id, title, price, publisher_id, isbn) VALUES (183, 'The Web Page Workbook', 19.95, 39, '1-88790205-8');
INSERT INTO public.book (book_id, title, price, publisher_id, isbn) VALUES (185, 'HTML: The Definitive Guide', 29.95, 46, '1-56-592175-5');
INSERT INTO public.book (book_id, title, price, publisher_id, isbn) VALUES (186, 'Web Site Wizardry', 34.99, 38, '1-88-357787-X');
INSERT INTO public.book (book_id, title, price, publisher_id, isbn) VALUES (187, 'Webmaster''s Guide to HTML', 34.95, 42, '0-07-912273-6');
INSERT INTO public.book (book_id, title, price, publisher_id, isbn) VALUES (188, 'Using HTML Special Edition', 49.99, 50, '0-78-970758-6');
INSERT INTO public.book (book_id, title, price, publisher_id, isbn) VALUES (189, 'Foundations of WWW Programming with HTML and CGI', 39.99, 40, '1-56884703-3');
INSERT INTO public.book (book_id, title, price, publisher_id, isbn) VALUES (190, 'Nicos Java Compendium', 123.99, 50, '1-2-3');
INSERT INTO public.book (book_id, title, price, publisher_id, isbn) VALUES (191, 'Roberts Buch', 12.99, 38, '2-3-4');
INSERT INTO public.book (book_id, title, price, publisher_id, isbn) VALUES (201, 'Java for dummies', 12.99, 38, '789-12345-3-1234');
INSERT INTO public.book (book_id, title, price, publisher_id, isbn) VALUES (206, 'JDBC the entire truth', 45.99, 38, '123-456-789');

INSERT INTO public.author (author_id, firstname, lastname) VALUES (55, 'Scott', 'Arpajian');
INSERT INTO public.author (author_id, firstname, lastname) VALUES (56, 'Arthur', 'Bebak');
INSERT INTO public.author (author_id, firstname, lastname) VALUES (57, 'Bill', 'Brandon');
INSERT INTO public.author (author_id, firstname, lastname) VALUES (58, 'Mark', 'Brown');
INSERT INTO public.author (author_id, firstname, lastname) VALUES (59, 'Elizabeth', 'Castro');
INSERT INTO public.author (author_id, firstname, lastname) VALUES (60, 'Kent', 'Cearly');
INSERT INTO public.author (author_id, firstname, lastname) VALUES (61, 'Francis', 'Chin');
INSERT INTO public.author (author_id, firstname, lastname) VALUES (62, 'Kenny', 'Chu');
INSERT INTO public.author (author_id, firstname, lastname) VALUES (63, 'Troy', 'Downing');
INSERT INTO public.author (author_id, firstname, lastname) VALUES (64, 'Jeff', 'Duntemann');
INSERT INTO public.author (author_id, firstname, lastname) VALUES (65, 'Tim', 'Evans');
INSERT INTO public.author (author_id, firstname, lastname) VALUES (66, 'Jeff', 'Foust');
INSERT INTO public.author (author_id, firstname, lastname) VALUES (67, 'David', 'Fox');
INSERT INTO public.author (author_id, firstname, lastname) VALUES (68, 'Mark', 'Gaither');
INSERT INTO public.author (author_id, firstname, lastname) VALUES (69, 'Ian', 'Graham');
INSERT INTO public.author (author_id, firstname, lastname) VALUES (70, 'Dawn', 'Groves');
INSERT INTO public.author (author_id, firstname, lastname) VALUES (71, 'Stuart', 'Harris');
INSERT INTO public.author (author_id, firstname, lastname) VALUES (72, 'Sebastian', 'Hassinger');
INSERT INTO public.author (author_id, firstname, lastname) VALUES (73, 'Steve', 'James');
INSERT INTO public.author (author_id, firstname, lastname) VALUES (74, 'John', 'Jung');
INSERT INTO public.author (author_id, firstname, lastname) VALUES (75, 'Bill', 'Kennedy');
INSERT INTO public.author (author_id, firstname, lastname) VALUES (76, 'David', 'Kerven');
INSERT INTO public.author (author_id, firstname, lastname) VALUES (77, 'Gayle', 'Kidder');
INSERT INTO public.author (author_id, firstname, lastname) VALUES (78, 'Greg', 'Knauss');
INSERT INTO public.author (author_id, firstname, lastname) VALUES (79, 'Marianne', 'Krcma');
INSERT INTO public.author (author_id, firstname, lastname) VALUES (80, 'Urban', 'LeJeune');
INSERT INTO public.author (author_id, firstname, lastname) VALUES (81, 'Laura', 'Lemay');
INSERT INTO public.author (author_id, firstname, lastname) VALUES (82, 'Robert', 'Megan');
INSERT INTO public.author (author_id, firstname, lastname) VALUES (83, 'Bruce', 'Morris');
INSERT INTO public.author (author_id, firstname, lastname) VALUES (84, 'Mary', 'Morris');
INSERT INTO public.author (author_id, firstname, lastname) VALUES (85, 'Robert', 'Mullen');
INSERT INTO public.author (author_id, firstname, lastname) VALUES (86, 'Nathan', 'Muller');
INSERT INTO public.author (author_id, firstname, lastname) VALUES (87, 'Chuck', 'Musciano');
INSERT INTO public.author (author_id, firstname, lastname) VALUES (88, 'Vivian', 'Neou');
INSERT INTO public.author (author_id, firstname, lastname) VALUES (89, 'Elisabeth', 'Parker');
INSERT INTO public.author (author_id, firstname, lastname) VALUES (90, 'James', 'Powell');
INSERT INTO public.author (author_id, firstname, lastname) VALUES (91, 'Neil', 'Randall');
INSERT INTO public.author (author_id, firstname, lastname) VALUES (92, 'Deborah', 'Ray');
INSERT INTO public.author (author_id, firstname, lastname) VALUES (93, 'Eric', 'Ray');
INSERT INTO public.author (author_id, firstname, lastname) VALUES (94, 'Kevin', 'Ready');
INSERT INTO public.author (author_id, firstname, lastname) VALUES (95, 'Mimi', 'Recker');
INSERT INTO public.author (author_id, firstname, lastname) VALUES (96, 'Tom', 'Savola');
INSERT INTO public.author (author_id, firstname, lastname) VALUES (97, 'Keith', 'Schengili');
INSERT INTO public.author (author_id, firstname, lastname) VALUES (98, 'Bud', 'Smith');
INSERT INTO public.author (author_id, firstname, lastname) VALUES (99, 'Barrie', 'Sosinsky');
INSERT INTO public.author (author_id, firstname, lastname) VALUES (100, 'Todd', 'Stauffer');
INSERT INTO public.author (author_id, firstname, lastname) VALUES (101, 'Dave', 'Taylor');
INSERT INTO public.author (author_id, firstname, lastname) VALUES (102, 'Ed', 'Tittel');
INSERT INTO public.author (author_id, firstname, lastname) VALUES (103, 'Janine', 'Warner');
INSERT INTO public.author (author_id, firstname, lastname) VALUES (104, 'John', 'Zakour');
INSERT INTO public.author (author_id, firstname, lastname) VALUES (105, 'Richard', 'Karpinski');
INSERT INTO public.author (author_id, firstname, lastname) VALUES (106, 'Larry', 'Aronson');
INSERT INTO public.author (author_id, firstname, lastname) VALUES (107, 'Mike', 'Erwin');
INSERT INTO public.author (author_id, firstname, lastname) VALUES (108, 'Dean', 'Schar');

INSERT INTO public.bookauthor (author_id, rank, book_id) VALUES (105, 1, 157);
INSERT INTO public.bookauthor (author_id, rank, book_id) VALUES (65, 1, 158);
INSERT INTO public.bookauthor (author_id, rank, book_id) VALUES (97, 1, 159);
INSERT INTO public.bookauthor (author_id, rank, book_id) VALUES (101, 1, 160);
INSERT INTO public.bookauthor (author_id, rank, book_id) VALUES (98, 1, 161);
INSERT INTO public.bookauthor (author_id, rank, book_id) VALUES (56, 2, 161);
INSERT INTO public.bookauthor (author_id, rank, book_id) VALUES (55, 1, 162);
INSERT INTO public.bookauthor (author_id, rank, book_id) VALUES (76, 1, 163);
INSERT INTO public.bookauthor (author_id, rank, book_id) VALUES (66, 2, 163);
INSERT INTO public.bookauthor (author_id, rank, book_id) VALUES (104, 3, 163);
INSERT INTO public.bookauthor (author_id, rank, book_id) VALUES (60, 1, 164);
INSERT INTO public.bookauthor (author_id, rank, book_id) VALUES (106, 1, 165);
INSERT INTO public.bookauthor (author_id, rank, book_id) VALUES (100, 1, 166);
INSERT INTO public.bookauthor (author_id, rank, book_id) VALUES (102, 1, 167);
INSERT INTO public.bookauthor (author_id, rank, book_id) VALUES (73, 2, 167);
INSERT INTO public.bookauthor (author_id, rank, book_id) VALUES (92, 1, 168);
INSERT INTO public.bookauthor (author_id, rank, book_id) VALUES (93, 2, 168);
INSERT INTO public.bookauthor (author_id, rank, book_id) VALUES (84, 1, 169);
INSERT INTO public.bookauthor (author_id, rank, book_id) VALUES (59, 1, 170);
INSERT INTO public.bookauthor (author_id, rank, book_id) VALUES (83, 1, 171);
INSERT INTO public.bookauthor (author_id, rank, book_id) VALUES (90, 1, 172);
INSERT INTO public.bookauthor (author_id, rank, book_id) VALUES (71, 1, 173);
INSERT INTO public.bookauthor (author_id, rank, book_id) VALUES (77, 2, 173);
INSERT INTO public.bookauthor (author_id, rank, book_id) VALUES (62, 1, 174);
INSERT INTO public.bookauthor (author_id, rank, book_id) VALUES (61, 2, 174);
INSERT INTO public.bookauthor (author_id, rank, book_id) VALUES (85, 1, 175);
INSERT INTO public.bookauthor (author_id, rank, book_id) VALUES (69, 1, 176);
INSERT INTO public.bookauthor (author_id, rank, book_id) VALUES (108, 1, 177);
INSERT INTO public.bookauthor (author_id, rank, book_id) VALUES (67, 1, 178);
INSERT INTO public.bookauthor (author_id, rank, book_id) VALUES (63, 2, 178);
INSERT INTO public.bookauthor (author_id, rank, book_id) VALUES (94, 1, 179);
INSERT INTO public.bookauthor (author_id, rank, book_id) VALUES (103, 2, 179);
INSERT INTO public.bookauthor (author_id, rank, book_id) VALUES (102, 1, 180);
INSERT INTO public.bookauthor (author_id, rank, book_id) VALUES (80, 1, 181);
INSERT INTO public.bookauthor (author_id, rank, book_id) VALUES (64, 2, 181);
INSERT INTO public.bookauthor (author_id, rank, book_id) VALUES (99, 1, 182);
INSERT INTO public.bookauthor (author_id, rank, book_id) VALUES (89, 2, 182);
INSERT INTO public.bookauthor (author_id, rank, book_id) VALUES (70, 1, 183);
INSERT INTO public.bookauthor (author_id, rank, book_id) VALUES (91, 1, 184);
INSERT INTO public.bookauthor (author_id, rank, book_id) VALUES (78, 2, 184);
INSERT INTO public.bookauthor (author_id, rank, book_id) VALUES (74, 3, 184);
INSERT INTO public.bookauthor (author_id, rank, book_id) VALUES (96, 4, 184);
INSERT INTO public.bookauthor (author_id, rank, book_id) VALUES (87, 1, 185);
INSERT INTO public.bookauthor (author_id, rank, book_id) VALUES (75, 2, 185);
INSERT INTO public.bookauthor (author_id, rank, book_id) VALUES (58, 1, 186);
INSERT INTO public.bookauthor (author_id, rank, book_id) VALUES (74, 2, 186);
INSERT INTO public.bookauthor (author_id, rank, book_id) VALUES (57, 3, 186);
INSERT INTO public.bookauthor (author_id, rank, book_id) VALUES (82, 4, 186);
INSERT INTO public.bookauthor (author_id, rank, book_id) VALUES (96, 5, 186);
INSERT INTO public.bookauthor (author_id, rank, book_id) VALUES (79, 1, 187);
INSERT INTO public.bookauthor (author_id, rank, book_id) VALUES (86, 1, 188);
INSERT INTO public.bookauthor (author_id, rank, book_id) VALUES (102, 1, 189);
INSERT INTO public.bookauthor (author_id, rank, book_id) VALUES (68, 2, 189);
INSERT INTO public.bookauthor (author_id, rank, book_id) VALUES (72, 3, 189);
INSERT INTO public.bookauthor (author_id, rank, book_id) VALUES (107, 4, 189);
INSERT INTO public.bookauthor (author_id, rank, book_id) VALUES (71, 5, 190);
INSERT INTO public.bookauthor (author_id, rank, book_id) VALUES (96, 6, 190);
INSERT INTO public.bookauthor (author_id, rank, book_id) VALUES (80, 7, 190);
INSERT INTO public.bookauthor (author_id, rank, book_id) VALUES (75, 2, 191);
INSERT INTO public.bookauthor (author_id, rank, book_id) VALUES (55, 2, 157);
