--
-- PostgreSQL database dump
--

-- Dumped from database version 9.6.2
-- Dumped by pg_dump version 9.6.2

-- Started on 2019-01-15 19:51:22

SET statement_timeout = 0;
SET lock_timeout = 0;
SET idle_in_transaction_session_timeout = 0;
SET client_encoding = 'UTF8';
SET standard_conforming_strings = on;
SET check_function_bodies = false;
SET client_min_messages = warning;
SET row_security = off;

SET search_path = public, pg_catalog;

--
-- TOC entry 2151 (class 0 OID 55776)
-- Dependencies: 185
-- Data for Name: classname; Type: TABLE DATA; Schema: public; Owner: postgres
--

INSERT INTO classname VALUES (1, '1DHIF');
INSERT INTO classname VALUES (2, '4AHME');
INSERT INTO classname VALUES (3, '1BHIF');
INSERT INTO classname VALUES (4, '2AHIF');
INSERT INTO classname VALUES (5, '2AHME');
INSERT INTO classname VALUES (6, '2BHMBA');
INSERT INTO classname VALUES (7, '2CHIF');
INSERT INTO classname VALUES (8, '1BHMBA');
INSERT INTO classname VALUES (9, '2BHIF');
INSERT INTO classname VALUES (10, '2AHMBA');
INSERT INTO classname VALUES (11, '1AHIF');
INSERT INTO classname VALUES (12, '3AHIF');
INSERT INTO classname VALUES (13, '3DHIF');
INSERT INTO classname VALUES (14, '1CHIF');
INSERT INTO classname VALUES (15, '3AHME');
INSERT INTO classname VALUES (16, '3BHMBA');
INSERT INTO classname VALUES (17, '1AHMBA');
INSERT INTO classname VALUES (18, '3BHIF');
INSERT INTO classname VALUES (19, '3AHMBA');
INSERT INTO classname VALUES (20, '1AHME');
INSERT INTO classname VALUES (21, '3CHIF');


INSERT INTO student VALUES (111, 'Peria', 'Brimming', 5);
INSERT INTO student VALUES (112, 'Lidia', 'Sima', 5);
INSERT INTO student VALUES (113, 'Winona', 'Di Gregorio', 5);
INSERT INTO student VALUES (114, 'Reagan', 'Tatlock', 20);
INSERT INTO student VALUES (115, 'Paxon', 'Tuny', 16);
INSERT INTO student VALUES (116, 'Giustino', 'Hughs', 13);
INSERT INTO student VALUES (117, 'Kassi', 'Trustram', 7);
INSERT INTO student VALUES (118, 'Halsey', 'Masic', 19);
INSERT INTO student VALUES (119, 'Richmound', 'Brisker', 21);
INSERT INTO student VALUES (120, 'Pip', 'Winfindine', 7);
INSERT INTO student VALUES (121, 'Herschel', 'Schimoni', 15);
INSERT INTO student VALUES (122, 'Martino', 'Skittle', 2);
INSERT INTO student VALUES (123, 'Steffen', 'Rotherham', 15);
INSERT INTO student VALUES (124, 'Jacquelyn', 'Ropcke', 16);
INSERT INTO student VALUES (125, 'Greggory', 'Gawith', 13);
INSERT INTO student VALUES (126, 'Milo', 'Velde', 4);
INSERT INTO student VALUES (127, 'Christa', 'Beswell', 8);
INSERT INTO student VALUES (128, 'Roanne', 'Cawse', 1);
INSERT INTO student VALUES (129, 'Thor', 'Andersson', 18);
INSERT INTO student VALUES (130, 'Abdel', 'Aldington', 21);
INSERT INTO student VALUES (131, 'Tomasine', 'Pichan', 19);
INSERT INTO student VALUES (132, 'Enriqueta', 'MacTrustie', 8);
INSERT INTO student VALUES (133, 'Torrie', 'Bice', 7);
INSERT INTO student VALUES (134, 'Michell', 'Vaun', 16);
INSERT INTO student VALUES (135, 'Frederic', 'Jeanenet', 9);
INSERT INTO student VALUES (136, 'Arlee', 'Guinan', 14);
INSERT INTO student VALUES (137, 'Janis', 'Anders', 7);
INSERT INTO student VALUES (138, 'Consuelo', 'Tran', 20);
INSERT INTO student VALUES (139, 'Terrijo', 'Kitchenham', 6);
INSERT INTO student VALUES (140, 'Jerrie', 'Greenmon', 1);
INSERT INTO student VALUES (141, 'Joli', 'Round', 1);
INSERT INTO student VALUES (142, 'Lorine', 'McBride', 13);
INSERT INTO student VALUES (143, 'Brooks', 'Gourley', 2);
INSERT INTO student VALUES (144, 'Hanny', 'Beagan', 3);
INSERT INTO student VALUES (145, 'Rollin', 'Dowty', 17);
INSERT INTO student VALUES (146, 'Minne', 'Petkov', 6);
INSERT INTO student VALUES (147, 'Paulette', 'Oylett', 13);
INSERT INTO student VALUES (148, 'Cary', 'McPike', 18);
INSERT INTO student VALUES (149, 'Kelley', 'Beazer', 21);
INSERT INTO student VALUES (150, 'Rose', 'Rase', 7);
INSERT INTO student VALUES (151, 'Molli', 'Meekings', 4);
INSERT INTO student VALUES (152, 'Crissy', 'Reast', 6);
INSERT INTO student VALUES (153, 'Marillin', 'Amiable', 6);
INSERT INTO student VALUES (154, 'Nero', 'Clue', 3);
INSERT INTO student VALUES (155, 'Javier', 'Burgett', 7);
INSERT INTO student VALUES (156, 'Catie', 'Renyard', 13);
INSERT INTO student VALUES (157, 'Charmain', 'Vassar', 11);
INSERT INTO student VALUES (158, 'Cathi', 'Cadell', 8);
INSERT INTO student VALUES (159, 'Markos', 'Burchard', 14);
INSERT INTO student VALUES (160, 'Joelie', 'Ostler', 13);
INSERT INTO student VALUES (161, 'Stoddard', 'Audas', 5);
INSERT INTO student VALUES (162, 'Josy', 'Shadrach', 12);
INSERT INTO student VALUES (163, 'Monica', 'Maskall', 1);
INSERT INTO student VALUES (164, 'Janene', 'Boxer', 7);
INSERT INTO student VALUES (165, 'Mela', 'Mucklestone', 15);
INSERT INTO student VALUES (166, 'Erwin', 'Tonbridge', 19);
INSERT INTO student VALUES (167, 'Olympe', 'Florey', 6);
INSERT INTO student VALUES (168, 'Sheilakathryn', 'Hamlen', 4);
INSERT INTO student VALUES (169, 'Terry', 'Hefner', 10);
INSERT INTO student VALUES (170, 'Antonella', 'Highwood', 7);
INSERT INTO student VALUES (171, 'Mignon', 'Bleakman', 16);
INSERT INTO student VALUES (172, 'Therine', 'Linkie', 6);
INSERT INTO student VALUES (173, 'Ajay', 'Nesby', 11);
INSERT INTO student VALUES (174, 'Wilbert', 'Akester', 2);
INSERT INTO student VALUES (175, 'Konrad', 'Emmett', 2);
INSERT INTO student VALUES (176, 'Shari', 'Tregonna', 9);
INSERT INTO student VALUES (177, 'Marmaduke', 'Baxendale', 9);
INSERT INTO student VALUES (178, 'Nettle', 'Dallimare', 2);
INSERT INTO student VALUES (179, 'Jewell', 'Bunker', 7);
INSERT INTO student VALUES (180, 'Ketty', 'Durgan', 13);
INSERT INTO student VALUES (181, 'Sadella', 'Jochens', 2);
INSERT INTO student VALUES (182, 'Karalynn', 'Rowston', 17);
INSERT INTO student VALUES (183, 'Henrieta', 'Blight', 18);
INSERT INTO student VALUES (184, 'Bobby', 'Skill', 4);
INSERT INTO student VALUES (185, 'Waneta', 'Eaklee', 16);
INSERT INTO student VALUES (186, 'Chastity', 'Peggram', 2);
INSERT INTO student VALUES (187, 'Ricky', 'Mowlam', 21);
INSERT INTO student VALUES (188, 'Keven', 'Brand', 5);
INSERT INTO student VALUES (189, 'Karyl', 'Longshaw', 21);
INSERT INTO student VALUES (190, 'Candy', 'Skillanders', 20);
INSERT INTO student VALUES (191, 'Staford', 'Szwarc', 13);
INSERT INTO student VALUES (192, 'Demetri', 'Gaughan', 7);
INSERT INTO student VALUES (193, 'Dan', 'Tallowin', 18);
INSERT INTO student VALUES (194, 'Connie', 'Chewter', 7);
INSERT INTO student VALUES (195, 'Aubrey', 'Pariso', 2);
INSERT INTO student VALUES (196, 'Rosamond', 'Mewrcik', 20);
INSERT INTO student VALUES (197, 'Nada', 'Bytheway', 10);
INSERT INTO student VALUES (198, 'Kit', 'Jackes', 15);
INSERT INTO student VALUES (199, 'Norry', 'Serginson', 21);
INSERT INTO student VALUES (200, 'Alfons', 'Senussi', 15);
INSERT INTO student VALUES (201, 'Wald', 'Stoeck', 11);
INSERT INTO student VALUES (202, 'Kayley', 'Tailour', 15);
INSERT INTO student VALUES (203, 'Donia', 'Attwooll', 12);
INSERT INTO student VALUES (204, 'Monica', 'Dowyer', 10);
INSERT INTO student VALUES (205, 'Valaree', 'Fettis', 15);
INSERT INTO student VALUES (206, 'Thomasina', 'Smye', 9);
INSERT INTO student VALUES (207, 'Mame', 'Frape', 12);
INSERT INTO student VALUES (208, 'Laird', 'Bolle', 9);
INSERT INTO student VALUES (209, 'Napoleon', 'Sauniere', 20);
INSERT INTO student VALUES (210, 'Cosme', 'Ross', 9);
INSERT INTO student VALUES (211, 'Nannette', 'Boullen', 7);
INSERT INTO student VALUES (212, 'Sherill', 'De Michele', 13);
INSERT INTO student VALUES (213, 'Dacia', 'Bussy', 16);
INSERT INTO student VALUES (214, 'Bryan', 'Diwell', 20);
INSERT INTO student VALUES (215, 'Gerhardt', 'Dewes', 13);
INSERT INTO student VALUES (216, 'Matilda', 'Geldard', 16);
INSERT INTO student VALUES (217, 'Margie', 'Catford', 4);
INSERT INTO student VALUES (218, 'Alexina', 'Ridger', 20);
INSERT INTO student VALUES (219, 'Gustaf', 'Jeffrey', 18);
INSERT INTO student VALUES (220, 'Federico', 'Sieur', 1);
INSERT INTO student VALUES (221, 'Dredi', 'Pobjay', 19);
INSERT INTO student VALUES (222, 'Allegra', 'Archdeckne', 19);
INSERT INTO student VALUES (223, 'Beverlee', 'Cutbirth', 14);
INSERT INTO student VALUES (224, 'Roddy', 'Gledstane', 1);
INSERT INTO student VALUES (225, 'Bertina', 'Rolse', 10);
INSERT INTO student VALUES (226, 'Rupert', 'Trow', 15);
INSERT INTO student VALUES (227, 'Nadiya', 'Enterlein', 8);
INSERT INTO student VALUES (228, 'Felizio', 'Gerrard', 11);
INSERT INTO student VALUES (229, 'Diahann', 'Pegg', 7);
INSERT INTO student VALUES (230, 'Vlad', 'Arnet', 21);
INSERT INTO student VALUES (231, 'Cyndie', 'Merrick', 12);
INSERT INTO student VALUES (232, 'Katha', 'Frend', 6);
INSERT INTO student VALUES (233, 'Normie', 'Fagge', 5);
INSERT INTO student VALUES (234, 'Orazio', 'Haking', 17);
INSERT INTO student VALUES (235, 'Robinet', 'Boncoeur', 16);
INSERT INTO student VALUES (236, 'Guthry', 'Klima', 8);
INSERT INTO student VALUES (237, 'Zacharia', 'Stear', 4);
INSERT INTO student VALUES (238, 'Emlynne', 'Olden', 13);
INSERT INTO student VALUES (239, 'Wally', 'Cerro', 1);
INSERT INTO student VALUES (240, 'Samson', 'Shepheard', 17);
INSERT INTO student VALUES (241, 'Queenie', 'Maith', 12);
INSERT INTO student VALUES (242, 'Dorotea', 'Inger', 9);
INSERT INTO student VALUES (243, 'Ameline', 'Ramage', 8);
INSERT INTO student VALUES (244, 'Banky', 'Custance', 7);
INSERT INTO student VALUES (245, 'Teirtza', 'Bass', 15);
INSERT INTO student VALUES (246, 'Matilde', 'Griston', 14);
INSERT INTO student VALUES (247, 'Prudi', 'Coopey', 10);
INSERT INTO student VALUES (248, 'Aeriel', 'Pedrielli', 10);
INSERT INTO student VALUES (249, 'Tripp', 'Gilchriest', 2);
INSERT INTO student VALUES (250, 'Ewell', 'Burren', 8);
INSERT INTO student VALUES (251, 'Tansy', 'Doniso', 8);
INSERT INTO student VALUES (252, 'Lazare', 'Cowope', 11);
INSERT INTO student VALUES (253, 'Guthrie', 'Hilling', 18);
INSERT INTO student VALUES (254, 'Timotheus', 'Whitebread', 8);
INSERT INTO student VALUES (255, 'Raul', 'Linthead', 9);
INSERT INTO student VALUES (256, 'Peggi', 'Arendsen', 3);
INSERT INTO student VALUES (257, 'Huntlee', 'Olenikov', 7);
INSERT INTO student VALUES (258, 'Alon', 'Corkel', 18);
INSERT INTO student VALUES (259, 'Quillan', 'Greatland', 20);
INSERT INTO student VALUES (260, 'Christabella', 'Halt', 12);
INSERT INTO student VALUES (261, 'Evyn', 'Peplow', 1);
INSERT INTO student VALUES (262, 'Lizzie', 'Binnes', 15);
INSERT INTO student VALUES (263, 'Crawford', 'De La Haye', 21);
INSERT INTO student VALUES (264, 'Dasha', 'Remer', 19);
INSERT INTO student VALUES (265, 'Murvyn', 'Varley', 16);
INSERT INTO student VALUES (266, 'Maurice', 'Rickets', 17);
INSERT INTO student VALUES (267, 'Raven', 'Handes', 21);
INSERT INTO student VALUES (268, 'Freemon', 'Rozanski', 16);
INSERT INTO student VALUES (269, 'Cassie', 'Bodicum', 21);
INSERT INTO student VALUES (270, 'Aldus', 'Whyke', 20);
INSERT INTO student VALUES (271, 'Ferdy', 'Spykings', 7);
INSERT INTO student VALUES (272, 'Lothario', 'Tubby', 10);
INSERT INTO student VALUES (273, 'Udell', 'Connors', 10);
INSERT INTO student VALUES (274, 'Nikolaos', 'Leyshon', 10);
INSERT INTO student VALUES (275, 'Sancho', 'Rucklesse', 20);
INSERT INTO student VALUES (276, 'Kathryn', 'Maskell', 9);
INSERT INTO student VALUES (277, 'Leann', 'Brownstein', 16);
INSERT INTO student VALUES (278, 'Marcos', 'Cuffin', 18);
INSERT INTO student VALUES (279, 'Carree', 'Danielut', 14);
INSERT INTO student VALUES (280, 'Marcello', 'Pettiford', 3);
INSERT INTO student VALUES (281, 'Kelci', 'Goldston', 14);
INSERT INTO student VALUES (282, 'North', 'Bulmer', 20);
INSERT INTO student VALUES (283, 'Amalee', 'Sherwyn', 14);
INSERT INTO student VALUES (284, 'Kippar', 'Barkes', 9);
INSERT INTO student VALUES (285, 'Zach', 'Thornebarrow', 20);
INSERT INTO student VALUES (286, 'Rufe', 'Orwell', 9);
INSERT INTO student VALUES (287, 'Craig', 'Klousner', 21);
INSERT INTO student VALUES (288, 'Arnuad', 'Cowburn', 2);
INSERT INTO student VALUES (289, 'Alix', 'Grebbin', 14);
INSERT INTO student VALUES (290, 'Renaud', 'Catterick', 11);
INSERT INTO student VALUES (291, 'Luella', 'Moorfield', 8);
INSERT INTO student VALUES (292, 'Emmerich', 'Zanettini', 21);
INSERT INTO student VALUES (293, 'Rustin', 'Ketton', 1);
INSERT INTO student VALUES (294, 'Casie', 'Swendell', 8);
INSERT INTO student VALUES (295, 'Nils', 'Marini', 16);
INSERT INTO student VALUES (296, 'Jackson', 'Harsant', 17);
INSERT INTO student VALUES (297, 'Dolli', 'Jakovijevic', 16);
INSERT INTO student VALUES (298, 'Janet', 'Dumbellow', 7);
INSERT INTO student VALUES (299, 'Danya', 'Lowrey', 1);
INSERT INTO student VALUES (300, 'Domenic', 'Osband', 14);
INSERT INTO student VALUES (301, 'Agnes', 'Cruttenden', 3);
INSERT INTO student VALUES (302, 'Leonhard', 'Farlham', 2);
INSERT INTO student VALUES (303, 'Nickola', 'Bowker', 5);
INSERT INTO student VALUES (304, 'Appolonia', 'Wassung', 11);
INSERT INTO student VALUES (305, 'Agnola', 'Speare', 6);
INSERT INTO student VALUES (306, 'Karel', 'Pyrke', 2);
INSERT INTO student VALUES (307, 'Itch', 'Hearon', 4);
INSERT INTO student VALUES (308, 'Fons', 'Sansom', 16);
INSERT INTO student VALUES (309, 'Glenn', 'Errigo', 19);
INSERT INTO student VALUES (310, 'Waneta', 'Haig', 21);
INSERT INTO student VALUES (311, 'Marabel', 'Gotmann', 10);
INSERT INTO student VALUES (312, 'Anneliese', 'Benson', 20);
INSERT INTO student VALUES (313, 'Dru', 'Forker', 13);
INSERT INTO student VALUES (314, 'Ally', 'Ferne', 14);
INSERT INTO student VALUES (315, 'Arleta', 'Klemensiewicz', 21);
INSERT INTO student VALUES (316, 'Marabel', 'Yeell', 11);
INSERT INTO student VALUES (317, 'Lelia', 'Crouse', 3);
INSERT INTO student VALUES (318, 'Jemmy', 'Baskerfield', 14);
INSERT INTO student VALUES (319, 'Cordy', 'Stonhouse', 2);
INSERT INTO student VALUES (320, 'Brittan', 'Richards', 1);
INSERT INTO student VALUES (321, 'Ashton', 'Krale', 4);
INSERT INTO student VALUES (322, 'Erek', 'Wearn', 4);
INSERT INTO student VALUES (323, 'Maribel', 'Kelly', 7);
INSERT INTO student VALUES (324, 'Rollins', 'Sellars', 21);
INSERT INTO student VALUES (325, 'Alleen', 'Deverill', 5);
INSERT INTO student VALUES (326, 'Cyrill', 'McCracken', 15);
INSERT INTO student VALUES (327, 'Loleta', 'Redwin', 14);
INSERT INTO student VALUES (328, 'Dulcinea', 'Amiable', 9);
INSERT INTO student VALUES (329, 'Merle', 'Garfield', 1);
INSERT INTO student VALUES (330, 'Corena', 'Brognot', 12);
INSERT INTO student VALUES (331, 'Opaline', 'Sture', 11);
INSERT INTO student VALUES (332, 'Berke', 'Lowdiane', 9);
INSERT INTO student VALUES (333, 'Neala', 'Elderkin', 1);
INSERT INTO student VALUES (334, 'Zuzana', 'Maylour', 2);
INSERT INTO student VALUES (335, 'Carlita', 'Thewlis', 10);
INSERT INTO student VALUES (336, 'Barnett', 'Gainsburgh', 10);
INSERT INTO student VALUES (337, 'Ethe', 'Deschlein', 10);
INSERT INTO student VALUES (338, 'Dahlia', 'Painter', 13);
INSERT INTO student VALUES (339, 'Nita', 'Raithmill', 17);
INSERT INTO student VALUES (340, 'Willey', 'Bennitt', 11);
INSERT INTO student VALUES (341, 'Sigismundo', 'Turrell', 20);
INSERT INTO student VALUES (342, 'Raoul', 'Patman', 6);
INSERT INTO student VALUES (343, 'Judah', 'Thecham', 12);
INSERT INTO student VALUES (344, 'Boigie', 'Huonic', 6);
INSERT INTO student VALUES (345, 'Mariska', 'Bauchop', 7);
INSERT INTO student VALUES (346, 'Gun', 'Edel', 17);
INSERT INTO student VALUES (347, 'Carlynne', 'Whartonby', 7);
INSERT INTO student VALUES (348, 'Greggory', 'Dack', 8);
INSERT INTO student VALUES (349, 'Bink', 'Dwyer', 18);
INSERT INTO student VALUES (350, 'Quinn', 'Dobey', 7);
INSERT INTO student VALUES (351, 'Romeo', 'Mathissen', 7);
INSERT INTO student VALUES (352, 'Vannie', 'Jane', 5);
INSERT INTO student VALUES (353, 'Patricio', 'Pagin', 11);
INSERT INTO student VALUES (354, 'Gui', 'Torpie', 12);
INSERT INTO student VALUES (355, 'Appolonia', 'L'' Anglois', 18);
INSERT INTO student VALUES (356, 'Conney', 'Stonestreet', 17);
INSERT INTO student VALUES (357, 'Zara', 'Izkovicz', 8);
INSERT INTO student VALUES (358, 'Farrand', 'Pullen', 14);
INSERT INTO student VALUES (359, 'Yehudi', 'Muggleton', 4);
INSERT INTO student VALUES (360, 'Shandee', 'Caslake', 11);
INSERT INTO student VALUES (361, 'Timoteo', 'Knappitt', 19);
INSERT INTO student VALUES (362, 'Erwin', 'Cassey', 9);
INSERT INTO student VALUES (363, 'Quincy', 'Queen', 7);
INSERT INTO student VALUES (364, 'Callida', 'Rosenblath', 17);
INSERT INTO student VALUES (365, 'Tiffany', 'Butterly', 12);
INSERT INTO student VALUES (366, 'Maureene', 'Bott', 9);
INSERT INTO student VALUES (367, 'Harland', 'Janssens', 13);
INSERT INTO student VALUES (368, 'Matelda', 'Casaletto', 4);
INSERT INTO student VALUES (369, 'Jelene', 'Saura', 17);
INSERT INTO student VALUES (370, 'Ferris', 'Prudence', 10);
INSERT INTO student VALUES (371, 'Saraann', 'Jantel', 7);
INSERT INTO student VALUES (372, 'Janela', 'Tidbold', 4);
INSERT INTO student VALUES (373, 'Willy', 'Exell', 4);
INSERT INTO student VALUES (374, 'Kissiah', 'Ivanchenkov', 6);
INSERT INTO student VALUES (375, 'Tamarra', 'Quilleash', 20);
INSERT INTO student VALUES (376, 'Ellen', 'Van Leijs', 4);
INSERT INTO student VALUES (377, 'Bay', 'McKimm', 20);
INSERT INTO student VALUES (378, 'Hedwig', 'Knifton', 19);
INSERT INTO student VALUES (379, 'Stillmann', 'Gozard', 9);
INSERT INTO student VALUES (380, 'Carilyn', 'Dawtry', 18);
INSERT INTO student VALUES (381, 'Erek', 'Mccaull', 7);
INSERT INTO student VALUES (382, 'Audrie', 'Sedwick', 1);
INSERT INTO student VALUES (383, 'Claudette', 'Tampling', 20);
INSERT INTO student VALUES (384, 'Hillery', 'Dominik', 16);
INSERT INTO student VALUES (385, 'Josy', 'Chichgar', 6);
INSERT INTO student VALUES (386, 'Yetta', 'Birt', 7);
INSERT INTO student VALUES (387, 'Sollie', 'Sharplin', 18);
INSERT INTO student VALUES (388, 'Moshe', 'Todarello', 6);
INSERT INTO student VALUES (389, 'Bancroft', 'Cafe', 17);
INSERT INTO student VALUES (390, 'Mordy', 'Yeomans', 1);
INSERT INTO student VALUES (391, 'Keir', 'McGuinness', 10);
INSERT INTO student VALUES (392, 'Nikos', 'Fruen', 13);
INSERT INTO student VALUES (393, 'Tessa', 'Mendonca', 8);
INSERT INTO student VALUES (394, 'Valeria', 'Furtado', 13);
INSERT INTO student VALUES (395, 'Oneida', 'Hardesty', 6);
INSERT INTO student VALUES (396, 'Eugene', 'Longea', 3);
INSERT INTO student VALUES (397, 'Issiah', 'Amthor', 17);
INSERT INTO student VALUES (398, 'Gaylor', 'Cowsby', 21);
INSERT INTO student VALUES (399, 'Coriss', 'Lambard', 5);
INSERT INTO student VALUES (400, 'Breanne', 'Chastaing', 1);
INSERT INTO student VALUES (401, 'Sorcha', 'Cowsby', 9);
INSERT INTO student VALUES (402, 'Ketty', 'Nisot', 10);
INSERT INTO student VALUES (403, 'Zacharia', 'Krauss', 1);
INSERT INTO student VALUES (404, 'Philippa', 'Braferton', 20);
INSERT INTO student VALUES (405, 'Isobel', 'Chesswas', 4);
INSERT INTO student VALUES (406, 'Jacquelynn', 'Harber', 16);
INSERT INTO student VALUES (407, 'Ursala', 'Towers', 12);
INSERT INTO student VALUES (408, 'Adrea', 'Achromov', 16);
INSERT INTO student VALUES (409, 'Rennie', 'Sinncock', 9);
INSERT INTO student VALUES (410, 'Elvera', 'Stener', 21);
INSERT INTO student VALUES (411, 'Itch', 'Colbert', 21);
INSERT INTO student VALUES (412, 'Abbe', 'Lingwood', 18);
INSERT INTO student VALUES (413, 'Wyatan', 'Churching', 1);
INSERT INTO student VALUES (414, 'Meredithe', 'Folca', 21);
INSERT INTO student VALUES (415, 'Rory', 'Wardhough', 20);
INSERT INTO student VALUES (416, 'Reece', 'Etches', 11);
INSERT INTO student VALUES (417, 'Kris', 'Hurich', 11);
INSERT INTO student VALUES (418, 'Afton', 'Clemas', 12);
INSERT INTO student VALUES (419, 'Susette', 'Anderbrugge', 9);
INSERT INTO student VALUES (420, 'Janela', 'Seiler', 18);
INSERT INTO student VALUES (421, 'Aundrea', 'McGhee', 8);
INSERT INTO student VALUES (422, 'Astra', 'Jeffs', 7);
INSERT INTO student VALUES (423, 'Malina', 'Kemell', 17);
INSERT INTO student VALUES (424, 'Margarete', 'Schott', 19);
INSERT INTO student VALUES (425, 'Nap', 'Tyne', 1);
INSERT INTO student VALUES (426, 'Consuela', 'Pavlitschek', 13);
INSERT INTO student VALUES (427, 'Dallis', 'Bridgewater', 18);
INSERT INTO student VALUES (428, 'Germaine', 'Stoakley', 10);
INSERT INTO student VALUES (429, 'Ward', 'Campanelli', 10);
INSERT INTO student VALUES (430, 'Euell', 'Shillito', 4);
INSERT INTO student VALUES (431, 'Kristen', 'Tinan', 15);
INSERT INTO student VALUES (432, 'Atlanta', 'Farnaby', 3);
INSERT INTO student VALUES (433, 'Hale', 'Fidler', 10);
INSERT INTO student VALUES (434, 'Sandra', 'Philipsohn', 12);
INSERT INTO student VALUES (435, 'Evanne', 'Simoneschi', 14);
INSERT INTO student VALUES (436, 'Tracy', 'Dumbellow', 19);
INSERT INTO student VALUES (437, 'Mattie', 'Orhtmann', 3);
INSERT INTO student VALUES (438, 'Lissa', 'Kinghorn', 14);
INSERT INTO student VALUES (439, 'Berkly', 'Loudwell', 5);
INSERT INTO student VALUES (440, 'Amber', 'Colvie', 13);
INSERT INTO student VALUES (441, 'Edward', 'Clarke', 13);
INSERT INTO student VALUES (442, 'De witt', 'Kroch', 21);
INSERT INTO student VALUES (443, 'Ronny', 'Harden', 10);
INSERT INTO student VALUES (444, 'Nathalie', 'Benedicto', 9);
INSERT INTO student VALUES (445, 'Emilio', 'Fitzackerley', 14);
INSERT INTO student VALUES (446, 'Deane', 'Erett', 14);
INSERT INTO student VALUES (447, 'Shayla', 'Beaven', 11);
INSERT INTO student VALUES (448, 'Wheeler', 'Jacobsson', 14);
INSERT INTO student VALUES (449, 'Fonz', 'Dwight', 9);
INSERT INTO student VALUES (450, 'Blane', 'Streeting', 6);
INSERT INTO student VALUES (451, 'Celine', 'McMurty', 2);
INSERT INTO student VALUES (452, 'Beale', 'Hugland', 17);
INSERT INTO student VALUES (453, 'Valery', 'Van Cassel', 19);
INSERT INTO student VALUES (454, 'Gillian', 'Boullen', 15);
INSERT INTO student VALUES (455, 'Costanza', 'Mallord', 5);
INSERT INTO student VALUES (456, 'Charita', 'Bestwick', 11);
INSERT INTO student VALUES (457, 'Madelyn', 'Scogings', 17);
INSERT INTO student VALUES (458, 'Kikelia', 'Raff', 19);
INSERT INTO student VALUES (459, 'Monro', 'Belly', 8);
INSERT INTO student VALUES (460, 'Grady', 'Spurling', 5);
INSERT INTO student VALUES (461, 'Bren', 'Isaac', 4);
INSERT INTO student VALUES (462, 'Waly', 'Rosenauer', 17);
INSERT INTO student VALUES (463, 'Clarice', 'Fleet', 17);
INSERT INTO student VALUES (464, 'Christie', 'Salomon', 6);
INSERT INTO student VALUES (465, 'Austine', 'Sponer', 21);
INSERT INTO student VALUES (466, 'Walton', 'Meys', 20);
INSERT INTO student VALUES (467, 'Nevins', 'Seviour', 15);
INSERT INTO student VALUES (468, 'Coletta', 'Dubose', 18);
INSERT INTO student VALUES (469, 'Brannon', 'Jodrellec', 10);
INSERT INTO student VALUES (470, 'Alica', 'Held', 6);
INSERT INTO student VALUES (471, 'Lita', 'Preshous', 17);
INSERT INTO student VALUES (472, 'Sella', 'Ganter', 7);
INSERT INTO student VALUES (473, 'Kayley', 'Ralston', 8);
INSERT INTO student VALUES (474, 'Naoma', 'Tudhope', 9);
INSERT INTO student VALUES (475, 'Martica', 'Brumby', 17);
INSERT INTO student VALUES (476, 'Nance', 'Calbert', 16);
INSERT INTO student VALUES (477, 'Nealon', 'Cousins', 13);
INSERT INTO student VALUES (478, 'Claire', 'Swetmore', 16);
INSERT INTO student VALUES (479, 'Olivero', 'Ware', 18);
INSERT INTO student VALUES (480, 'Adena', 'Hunton', 21);
INSERT INTO student VALUES (481, 'Lishe', 'Sighart', 5);
INSERT INTO student VALUES (482, 'Fawn', 'Lavalle', 21);
INSERT INTO student VALUES (483, 'Layne', 'Dron', 20);
INSERT INTO student VALUES (484, 'Lilllie', 'Wernham', 18);
INSERT INTO student VALUES (485, 'Emory', 'Haith', 16);
INSERT INTO student VALUES (486, 'Riley', 'Tyres', 14);
INSERT INTO student VALUES (487, 'Catha', 'Kear', 4);
INSERT INTO student VALUES (488, 'Wilmer', 'Farrell', 6);
INSERT INTO student VALUES (489, 'Sydney', 'Bradtke', 14);
INSERT INTO student VALUES (490, 'Chickie', 'Leward', 17);
INSERT INTO student VALUES (491, 'Tamera', 'Paffley', 10);
INSERT INTO student VALUES (492, 'Lothario', 'Power', 7);
INSERT INTO student VALUES (493, 'Vinny', 'Jeanes', 15);
INSERT INTO student VALUES (494, 'Drona', 'Tether', 17);
INSERT INTO student VALUES (495, 'Hilario', 'Parman', 19);
INSERT INTO student VALUES (496, 'Constantin', 'Wakeley', 12);
INSERT INTO student VALUES (497, 'Joelynn', 'Clutton', 13);
INSERT INTO student VALUES (498, 'Yorke', 'Deddum', 6);
INSERT INTO student VALUES (499, 'Lovell', 'Pegler', 3);
INSERT INTO student VALUES (500, 'Anette', 'Ciccarello', 2);
INSERT INTO student VALUES (501, 'Yuri', 'Dorton', 19);
INSERT INTO student VALUES (502, 'Mercedes', 'Zellick', 13);
INSERT INTO student VALUES (503, 'Annaliese', 'Shephard', 1);
INSERT INTO student VALUES (504, 'Waverley', 'Tine', 15);
INSERT INTO student VALUES (505, 'Bourke', 'MacGebenay', 7);
INSERT INTO student VALUES (506, 'Ferrell', 'Cordall', 4);
INSERT INTO student VALUES (507, 'Raf', 'Le Blond', 16);
INSERT INTO student VALUES (508, 'Bryna', 'Hickisson', 6);
INSERT INTO student VALUES (509, 'Antoinette', 'Garnsworth', 21);
INSERT INTO student VALUES (510, 'Stavros', 'Dillestone', 10);
INSERT INTO student VALUES (511, 'Giorgio', 'Alven', 15);
INSERT INTO student VALUES (512, 'Latrena', 'Cowely', 7);
INSERT INTO student VALUES (513, 'Constancia', 'McGawn', 21);
INSERT INTO student VALUES (514, 'Alexa', 'Arblaster', 9);
INSERT INTO student VALUES (515, 'Doe', 'Kesten', 17);
INSERT INTO student VALUES (516, 'Mathian', 'Mottram', 9);
INSERT INTO student VALUES (517, 'Caren', 'Kingh', 14);
INSERT INTO student VALUES (518, 'Randolf', 'Plevin', 12);
INSERT INTO student VALUES (519, 'Ambros', 'Caves', 10);
INSERT INTO student VALUES (520, 'Theo', 'Engley', 20);
INSERT INTO student VALUES (521, 'Carie', 'Pinel', 19);
INSERT INTO student VALUES (522, 'Patrice', 'Kelinge', 19);
INSERT INTO student VALUES (523, 'Nollie', 'Minthorpe', 20);
INSERT INTO student VALUES (524, 'Pierson', 'Mountain', 19);
INSERT INTO student VALUES (525, 'Flossie', 'Pedley', 4);
INSERT INTO student VALUES (526, 'Ardra', 'Tankin', 21);
INSERT INTO student VALUES (527, 'Pembroke', 'Giggs', 20);
INSERT INTO student VALUES (528, 'Osbourne', 'Matyushonok', 5);
INSERT INTO student VALUES (529, 'Lanie', 'Rossi', 5);
INSERT INTO student VALUES (530, 'Roselle', 'Doppler', 12);
INSERT INTO student VALUES (531, 'Herman', 'Secret', 14);
INSERT INTO student VALUES (532, 'Nikita', 'Ramsted', 13);
INSERT INTO student VALUES (533, 'Nevsa', 'Janson', 8);
INSERT INTO student VALUES (534, 'Peggie', 'Tash', 11);
INSERT INTO student VALUES (535, 'Jeanine', 'Pietzner', 11);
INSERT INTO student VALUES (536, 'Zuzana', 'Durkin', 10);
INSERT INTO student VALUES (537, 'Gregorius', 'Phelipeaux', 14);
INSERT INTO student VALUES (538, 'Aguistin', 'Kornyshev', 14);
INSERT INTO student VALUES (539, 'Helenelizabeth', 'Durnell', 3);
INSERT INTO student VALUES (540, 'Joelynn', 'Brimilcome', 2);
INSERT INTO student VALUES (541, 'Athena', 'Glisane', 2);
INSERT INTO student VALUES (542, 'Goldie', 'Franzke', 7);
INSERT INTO student VALUES (543, 'Melita', 'Kiljan', 13);
INSERT INTO student VALUES (544, 'Chucho', 'Lightowlers', 21);
INSERT INTO student VALUES (545, 'Gregory', 'Leslie', 17);
INSERT INTO student VALUES (546, 'Sully', 'Wilkinson', 14);
INSERT INTO student VALUES (547, 'Bertram', 'Honeyghan', 20);
INSERT INTO student VALUES (548, 'Eadmund', 'Cassam', 2);
INSERT INTO student VALUES (549, 'West', 'Barnhill', 5);
INSERT INTO student VALUES (550, 'Hamid', 'Skelington', 13);
INSERT INTO student VALUES (551, 'Mohandis', 'Di Boldi', 5);
INSERT INTO student VALUES (552, 'Nikolos', 'Thomlinson', 12);
INSERT INTO student VALUES (553, 'Corby', 'Raffin', 11);
INSERT INTO student VALUES (554, 'Penny', 'Hallows', 6);
INSERT INTO student VALUES (555, 'Cora', 'McClymond', 11);
INSERT INTO student VALUES (556, 'Brina', 'Seer', 13);
INSERT INTO student VALUES (557, 'Lisa', 'Rolph', 15);
INSERT INTO student VALUES (558, 'Jarrad', 'Ciobutaro', 17);
INSERT INTO student VALUES (559, 'Hubey', 'Coronado', 15);
INSERT INTO student VALUES (560, 'Yetta', 'Housley', 20);
INSERT INTO student VALUES (561, 'Ira', 'Livesay', 21);
INSERT INTO student VALUES (562, 'Anett', 'Avon', 16);
INSERT INTO student VALUES (563, 'Ardelle', 'Strippel', 4);
INSERT INTO student VALUES (564, 'Glenda', 'Spellessy', 2);
INSERT INTO student VALUES (565, 'Randolf', 'Skellington', 1);
INSERT INTO student VALUES (566, 'Denise', 'Syncke', 6);
INSERT INTO student VALUES (567, 'Cash', 'Mingame', 17);
INSERT INTO student VALUES (568, 'Benedicta', 'MacLardie', 14);
INSERT INTO student VALUES (569, 'Chico', 'Dripps', 9);
INSERT INTO student VALUES (570, 'Henrik', 'Gorwood', 17);
INSERT INTO student VALUES (571, 'Dru', 'Mill', 21);
INSERT INTO student VALUES (572, 'Sauveur', 'Wyche', 20);
INSERT INTO student VALUES (573, 'Renae', 'Ellaway', 4);
INSERT INTO student VALUES (574, 'Bee', 'Snowman', 9);
INSERT INTO student VALUES (575, 'Jenna', 'Brabban', 10);
INSERT INTO student VALUES (576, 'Marcos', 'Maudsley', 9);
INSERT INTO student VALUES (577, 'Bailie', 'Bodsworth', 15);
INSERT INTO student VALUES (578, 'Therine', 'Aidler', 3);
INSERT INTO student VALUES (579, 'Findley', 'Vinecombe', 9);
INSERT INTO student VALUES (580, 'Carlen', 'Steedman', 13);
INSERT INTO student VALUES (581, 'Inge', 'Larway', 21);
INSERT INTO student VALUES (582, 'Delinda', 'Bromfield', 20);
INSERT INTO student VALUES (583, 'Kelci', 'Jaffra', 11);
INSERT INTO student VALUES (584, 'Jeri', 'Bridgstock', 6);
INSERT INTO student VALUES (585, 'Cecile', 'Adnam', 11);
INSERT INTO student VALUES (586, 'Raynor', 'Ludl', 6);
INSERT INTO student VALUES (587, 'Nanice', 'Wales', 20);
INSERT INTO student VALUES (588, 'Matthiew', 'Pickersgill', 11);
INSERT INTO student VALUES (589, 'Rhett', 'Rozycki', 15);
INSERT INTO student VALUES (590, 'Finley', 'Parfrey', 1);
INSERT INTO student VALUES (591, 'Cynthia', 'Ixor', 4);
INSERT INTO student VALUES (592, 'Darcey', 'Kirkam', 18);
INSERT INTO student VALUES (593, 'Mella', 'Kingett', 14);
INSERT INTO student VALUES (594, 'Dredi', 'Matieu', 12);
INSERT INTO student VALUES (595, 'Enid', 'Forster', 5);
INSERT INTO student VALUES (596, 'Orion', 'Jurek', 9);
INSERT INTO student VALUES (597, 'Kaylee', 'Garmston', 9);
INSERT INTO student VALUES (598, 'Waite', 'Yerlett', 16);
INSERT INTO student VALUES (599, 'Cynthie', 'De Stoop', 11);
INSERT INTO student VALUES (600, 'Bernardo', 'Halfhead', 19);
INSERT INTO student VALUES (601, 'Culver', 'Crasford', 3);
INSERT INTO student VALUES (602, 'Jefferey', 'Lowell', 14);
INSERT INTO student VALUES (603, 'Rufe', 'Bridden', 9);
INSERT INTO student VALUES (604, 'Nevins', 'Charle', 8);
INSERT INTO student VALUES (605, 'Cicely', 'Mineghelli', 16);
INSERT INTO student VALUES (606, 'Avril', 'Quernel', 11);
INSERT INTO student VALUES (607, 'Budd', 'Cullinan', 2);
INSERT INTO student VALUES (608, 'Matthaeus', 'Izard', 12);
INSERT INTO student VALUES (609, 'Ashlee', 'Geddes', 11);
INSERT INTO student VALUES (610, 'Flory', 'Soares', 20);


--
-- TOC entry 2157 (class 0 OID 55806)
-- Dependencies: 191
-- Data for Name: subject; Type: TABLE DATA; Schema: public; Owner: postgres
--

INSERT INTO subject VALUES (1, 'Deutsch', 'D', true);
INSERT INTO subject VALUES (2, 'Angewandte Mathematik', 'AM', true);
INSERT INTO subject VALUES (4, 'Programmieren und Software Engineering', 'POS1', false);
INSERT INTO subject VALUES (3, 'Betriebswirtschaft und Management', 'BWM', false);
INSERT INTO subject VALUES (6, 'Naturwissenschaften', 'NW2', false);
INSERT INTO subject VALUES (5, 'Technische Informatik', 'TINF', false);
INSERT INTO subject VALUES (8, 'Netzwerksysteme und Verteilte Systeme', 'NVS1', false);
INSERT INTO subject VALUES (7, 'Datenbanken und Informationssysteme', 'DBI1', false);
INSERT INTO subject VALUES (10, 'Geographie, Geschichte und Politische Bildung', 'GGP', true);
INSERT INTO subject VALUES (9, 'Lebende Fremdsprache (Englisch)', 'E', true);


--
-- TOC entry 2153 (class 0 OID 55786)
-- Dependencies: 187
-- Data for Name: exam; Type: TABLE DATA; Schema: public; Owner: postgres
--

INSERT INTO exam (exam_id, dateofexam, student, subject, duration) VALUES (149, '2018-03-05', 276, 2, 50);
INSERT INTO exam (exam_id, dateofexam, student, subject, duration) VALUES (150, '2017-11-10', 411, 1, 20);
INSERT INTO exam (exam_id, dateofexam, student, subject, duration) VALUES (151, '2017-10-21', 259, 6, 50);
INSERT INTO exam (exam_id, dateofexam, student, subject, duration) VALUES (152, '2017-12-05', 377, 10, 20);
INSERT INTO exam (exam_id, dateofexam, student, subject, duration) VALUES (153, '2017-10-18', 548, 3, 50);
INSERT INTO exam (exam_id, dateofexam, student, subject, duration) VALUES (154, '2017-12-27', 179, 8, 20);
INSERT INTO exam (exam_id, dateofexam, student, subject, duration) VALUES (155, '2017-11-07', 311, 9, 50);
INSERT INTO exam (exam_id, dateofexam, student, subject, duration) VALUES (156, '2018-05-21', 291, 2, 10);
INSERT INTO exam (exam_id, dateofexam, student, subject, duration) VALUES (157, '2018-05-14', 250, 2, 50);
INSERT INTO exam (exam_id, dateofexam, student, subject, duration) VALUES (158, '2018-06-21', 144, 4, 20);
INSERT INTO exam (exam_id, dateofexam, student, subject, duration) VALUES (159, '2018-03-24', 528, 4, 10);
INSERT INTO exam (exam_id, dateofexam, student, subject, duration) VALUES (160, '2018-03-26', 178, 2, 20);
INSERT INTO exam (exam_id, dateofexam, student, subject, duration) VALUES (161, '2017-10-02', 485, 6, 40);
INSERT INTO exam (exam_id, dateofexam, student, subject, duration) VALUES (162, '2018-01-17', 456, 3, 20);
INSERT INTO exam (exam_id, dateofexam, student, subject, duration) VALUES (163, '2017-10-08', 475, 1, 10);
INSERT INTO exam (exam_id, dateofexam, student, subject, duration) VALUES (164, '2018-01-19', 365, 10, 40);
INSERT INTO exam (exam_id, dateofexam, student, subject, duration) VALUES (165, '2017-11-09', 346, 5, 50);
INSERT INTO exam (exam_id, dateofexam, student, subject, duration) VALUES (166, '2017-11-03', 268, 7, 30);
INSERT INTO exam (exam_id, dateofexam, student, subject, duration) VALUES (167, '2018-05-01', 126, 3, 50);
INSERT INTO exam (exam_id, dateofexam, student, subject, duration) VALUES (168, '2018-01-16', 512, 1, 20);
INSERT INTO exam (exam_id, dateofexam, student, subject, duration) VALUES (169, '2017-10-08', 480, 2, 40);
INSERT INTO exam (exam_id, dateofexam, student, subject, duration) VALUES (170, '2017-11-27', 559, 2, 20);
INSERT INTO exam (exam_id, dateofexam, student, subject, duration) VALUES (171, '2017-12-28', 281, 3, 50);
INSERT INTO exam (exam_id, dateofexam, student, subject, duration) VALUES (172, '2018-02-18', 138, 6, 40);
INSERT INTO exam (exam_id, dateofexam, student, subject, duration) VALUES (173, '2017-10-17', 160, 8, 40);
INSERT INTO exam (exam_id, dateofexam, student, subject, duration) VALUES (174, '2018-01-23', 550, 6, 10);
INSERT INTO exam (exam_id, dateofexam, student, subject, duration) VALUES (175, '2017-12-09', 379, 3, 20);
INSERT INTO exam (exam_id, dateofexam, student, subject, duration) VALUES (176, '2018-01-15', 159, 10, 30);
INSERT INTO exam (exam_id, dateofexam, student, subject, duration) VALUES (177, '2018-03-15', 537, 2, 40);
INSERT INTO exam (exam_id, dateofexam, student, subject, duration) VALUES (178, '2017-10-13', 495, 3, 40);
INSERT INTO exam (exam_id, dateofexam, student, subject, duration) VALUES (179, '2017-12-12', 487, 7, 20);
INSERT INTO exam (exam_id, dateofexam, student, subject, duration) VALUES (180, '2018-01-24', 508, 4, 50);
INSERT INTO exam (exam_id, dateofexam, student, subject, duration) VALUES (181, '2018-04-07', 591, 1, 30);
INSERT INTO exam (exam_id, dateofexam, student, subject, duration) VALUES (182, '2018-06-06', 196, 4, 40);
INSERT INTO exam (exam_id, dateofexam, student, subject, duration) VALUES (183, '2018-06-11', 225, 3, 10);
INSERT INTO exam (exam_id, dateofexam, student, subject, duration) VALUES (184, '2018-03-16', 355, 4, 30);
INSERT INTO exam (exam_id, dateofexam, student, subject, duration) VALUES (185, '2017-10-01', 215, 10, 10);
INSERT INTO exam (exam_id, dateofexam, student, subject, duration) VALUES (186, '2018-01-18', 548, 10, 20);
INSERT INTO exam (exam_id, dateofexam, student, subject, duration) VALUES (187, '2018-01-05', 534, 2, 30);
INSERT INTO exam (exam_id, dateofexam, student, subject, duration) VALUES (188, '2018-01-30', 549, 6, 10);
INSERT INTO exam (exam_id, dateofexam, student, subject, duration) VALUES (189, '2018-04-24', 530, 8, 40);
INSERT INTO exam (exam_id, dateofexam, student, subject, duration) VALUES (190, '2018-03-09', 537, 1, 20);
INSERT INTO exam (exam_id, dateofexam, student, subject, duration) VALUES (191, '2017-12-19', 235, 2, 40);
INSERT INTO exam (exam_id, dateofexam, student, subject, duration) VALUES (192, '2018-01-31', 423, 5, 50);
INSERT INTO exam (exam_id, dateofexam, student, subject, duration) VALUES (193, '2017-10-04', 206, 4, 10);
INSERT INTO exam (exam_id, dateofexam, student, subject, duration) VALUES (194, '2018-06-17', 522, 4, 40);
INSERT INTO exam (exam_id, dateofexam, student, subject, duration) VALUES (195, '2018-01-01', 322, 5, 20);
INSERT INTO exam (exam_id, dateofexam, student, subject, duration) VALUES (196, '2017-09-13', 423, 8, 30);
INSERT INTO exam (exam_id, dateofexam, student, subject, duration) VALUES (197, '2017-10-05', 609, 9, 10);
INSERT INTO exam (exam_id, dateofexam, student, subject, duration) VALUES (198, '2018-01-01', 584, 3, 40);
INSERT INTO exam (exam_id, dateofexam, student, subject, duration) VALUES (199, '2017-12-31', 431, 6, 50);
INSERT INTO exam (exam_id, dateofexam, student, subject, duration) VALUES (200, '2018-02-17', 572, 7, 10);
INSERT INTO exam (exam_id, dateofexam, student, subject, duration) VALUES (201, '2018-02-10', 366, 6, 10);
INSERT INTO exam (exam_id, dateofexam, student, subject, duration) VALUES (202, '2017-12-19', 592, 6, 40);
INSERT INTO exam (exam_id, dateofexam, student, subject, duration) VALUES (203, '2018-04-08', 446, 10, 50);
INSERT INTO exam (exam_id, dateofexam, student, subject, duration) VALUES (204, '2018-03-24', 163, 2, 40);
INSERT INTO exam (exam_id, dateofexam, student, subject, duration) VALUES (205, '2017-09-23', 305, 3, 40);
INSERT INTO exam (exam_id, dateofexam, student, subject, duration) VALUES (206, '2017-10-08', 210, 4, 50);
INSERT INTO exam (exam_id, dateofexam, student, subject, duration) VALUES (207, '2018-02-26', 496, 3, 30);
INSERT INTO exam (exam_id, dateofexam, student, subject, duration) VALUES (208, '2017-12-06', 494, 10, 20);
INSERT INTO exam (exam_id, dateofexam, student, subject, duration) VALUES (209, '2017-12-04', 199, 10, 40);
INSERT INTO exam (exam_id, dateofexam, student, subject, duration) VALUES (210, '2018-05-31', 523, 1, 20);
INSERT INTO exam (exam_id, dateofexam, student, subject, duration) VALUES (211, '2018-05-20', 404, 7, 30);
INSERT INTO exam (exam_id, dateofexam, student, subject, duration) VALUES (212, '2018-01-23', 587, 4, 40);
INSERT INTO exam (exam_id, dateofexam, student, subject, duration) VALUES (213, '2017-11-07', 144, 3, 30);
INSERT INTO exam (exam_id, dateofexam, student, subject, duration) VALUES (214, '2017-09-24', 497, 9, 20);
INSERT INTO exam (exam_id, dateofexam, student, subject, duration) VALUES (215, '2018-01-30', 269, 7, 20);
INSERT INTO exam (exam_id, dateofexam, student, subject, duration) VALUES (216, '2018-01-01', 121, 4, 20);
INSERT INTO exam (exam_id, dateofexam, student, subject, duration) VALUES (217, '2018-05-06', 363, 5, 30);
INSERT INTO exam (exam_id, dateofexam, student, subject, duration) VALUES (218, '2018-01-11', 176, 10, 20);
INSERT INTO exam (exam_id, dateofexam, student, subject, duration) VALUES (219, '2018-05-21', 444, 3, 20);
INSERT INTO exam (exam_id, dateofexam, student, subject, duration) VALUES (220, '2017-11-19', 306, 3, 50);
INSERT INTO exam (exam_id, dateofexam, student, subject, duration) VALUES (221, '2017-09-21', 604, 6, 50);
INSERT INTO exam (exam_id, dateofexam, student, subject, duration) VALUES (222, '2018-01-27', 457, 6, 30);
INSERT INTO exam (exam_id, dateofexam, student, subject, duration) VALUES (223, '2018-04-13', 565, 3, 30);
INSERT INTO exam (exam_id, dateofexam, student, subject, duration) VALUES (224, '2018-04-14', 584, 7, 50);
INSERT INTO exam (exam_id, dateofexam, student, subject, duration) VALUES (225, '2018-01-15', 253, 3, 20);
INSERT INTO exam (exam_id, dateofexam, student, subject, duration) VALUES (226, '2018-02-20', 360, 1, 40);
INSERT INTO exam (exam_id, dateofexam, student, subject, duration) VALUES (227, '2017-10-15', 124, 6, 50);
INSERT INTO exam (exam_id, dateofexam, student, subject, duration) VALUES (228, '2018-02-06', 374, 7, 30);
INSERT INTO exam (exam_id, dateofexam, student, subject, duration) VALUES (229, '2017-11-13', 569, 1, 20);
INSERT INTO exam (exam_id, dateofexam, student, subject, duration) VALUES (230, '2018-03-24', 584, 1, 20);
INSERT INTO exam (exam_id, dateofexam, student, subject, duration) VALUES (231, '2018-05-28', 210, 7, 20);
INSERT INTO exam (exam_id, dateofexam, student, subject, duration) VALUES (232, '2018-05-20', 210, 1, 10);
INSERT INTO exam (exam_id, dateofexam, student, subject, duration) VALUES (233, '2018-02-18', 490, 5, 30);
INSERT INTO exam (exam_id, dateofexam, student, subject, duration) VALUES (234, '2018-04-07', 250, 5, 50);
INSERT INTO exam (exam_id, dateofexam, student, subject, duration) VALUES (235, '2018-01-26', 559, 9, 30);
INSERT INTO exam (exam_id, dateofexam, student, subject, duration) VALUES (236, '2017-09-17', 516, 3, 20);
INSERT INTO exam (exam_id, dateofexam, student, subject, duration) VALUES (237, '2017-09-18', 293, 7, 40);
INSERT INTO exam (exam_id, dateofexam, student, subject, duration) VALUES (238, '2017-10-30', 119, 2, 30);
INSERT INTO exam (exam_id, dateofexam, student, subject, duration) VALUES (239, '2018-01-06', 441, 7, 50);
INSERT INTO exam (exam_id, dateofexam, student, subject, duration) VALUES (240, '2017-09-21', 163, 9, 30);
INSERT INTO exam (exam_id, dateofexam, student, subject, duration) VALUES (241, '2017-12-28', 208, 1, 30);
INSERT INTO exam (exam_id, dateofexam, student, subject, duration) VALUES (242, '2017-12-25', 561, 5, 40);
INSERT INTO exam (exam_id, dateofexam, student, subject, duration) VALUES (243, '2018-01-13', 201, 6, 50);
INSERT INTO exam (exam_id, dateofexam, student, subject, duration) VALUES (244, '2018-05-26', 341, 2, 10);
INSERT INTO exam (exam_id, dateofexam, student, subject, duration) VALUES (245, '2017-09-23', 507, 10, 20);
INSERT INTO exam (exam_id, dateofexam, student, subject, duration) VALUES (246, '2017-11-28', 436, 2, 50);
INSERT INTO exam (exam_id, dateofexam, student, subject, duration) VALUES (247, '2017-11-23', 244, 9, 40);
INSERT INTO exam (exam_id, dateofexam, student, subject, duration) VALUES (248, '2017-10-20', 244, 9, 40);
INSERT INTO exam (exam_id, dateofexam, student, subject, duration) VALUES (249, '2017-10-25', 368, 5, 40);
INSERT INTO exam (exam_id, dateofexam, student, subject, duration) VALUES (250, '2018-02-26', 250, 5, 40);
INSERT INTO exam (exam_id, dateofexam, student, subject, duration) VALUES (251, '2018-06-06', 433, 10, 40);
INSERT INTO exam (exam_id, dateofexam, student, subject, duration) VALUES (252, '2018-06-16', 111, 4, 10);
INSERT INTO exam (exam_id, dateofexam, student, subject, duration) VALUES (253, '2018-02-04', 336, 8, 50);
INSERT INTO exam (exam_id, dateofexam, student, subject, duration) VALUES (254, '2017-12-25', 567, 5, 40);
INSERT INTO exam (exam_id, dateofexam, student, subject, duration) VALUES (255, '2018-02-15', 368, 8, 30);
INSERT INTO exam (exam_id, dateofexam, student, subject, duration) VALUES (256, '2017-12-01', 416, 5, 20);
INSERT INTO exam (exam_id, dateofexam, student, subject, duration) VALUES (257, '2018-01-14', 351, 8, 50);
INSERT INTO exam (exam_id, dateofexam, student, subject, duration) VALUES (258, '2018-04-18', 570, 3, 40);
INSERT INTO exam (exam_id, dateofexam, student, subject, duration) VALUES (259, '2018-04-08', 252, 7, 40);
INSERT INTO exam (exam_id, dateofexam, student, subject, duration) VALUES (260, '2018-03-06', 447, 8, 10);
INSERT INTO exam (exam_id, dateofexam, student, subject, duration) VALUES (261, '2018-04-08', 603, 8, 20);
INSERT INTO exam (exam_id, dateofexam, student, subject, duration) VALUES (262, '2018-01-09', 240, 8, 50);
INSERT INTO exam (exam_id, dateofexam, student, subject, duration) VALUES (263, '2018-04-16', 317, 4, 40);
INSERT INTO exam (exam_id, dateofexam, student, subject, duration) VALUES (264, '2018-06-19', 373, 10, 10);
INSERT INTO exam (exam_id, dateofexam, student, subject, duration) VALUES (265, '2017-12-03', 348, 10, 40);
INSERT INTO exam (exam_id, dateofexam, student, subject, duration) VALUES (266, '2018-06-13', 388, 5, 20);
INSERT INTO exam (exam_id, dateofexam, student, subject, duration) VALUES (267, '2018-04-02', 578, 1, 50);
INSERT INTO exam (exam_id, dateofexam, student, subject, duration) VALUES (268, '2018-06-19', 111, 5, 50);
INSERT INTO exam (exam_id, dateofexam, student, subject, duration) VALUES (269, '2018-04-17', 233, 10, 20);
INSERT INTO exam (exam_id, dateofexam, student, subject, duration) VALUES (270, '2017-09-27', 485, 8, 10);
INSERT INTO exam (exam_id, dateofexam, student, subject, duration) VALUES (271, '2017-10-20', 584, 1, 30);
INSERT INTO exam (exam_id, dateofexam, student, subject, duration) VALUES (272, '2017-10-07', 418, 4, 10);
INSERT INTO exam (exam_id, dateofexam, student, subject, duration) VALUES (273, '2018-02-28', 409, 1, 40);
INSERT INTO exam (exam_id, dateofexam, student, subject, duration) VALUES (274, '2018-01-06', 397, 9, 50);
INSERT INTO exam (exam_id, dateofexam, student, subject, duration) VALUES (275, '2018-04-09', 151, 9, 10);
INSERT INTO exam (exam_id, dateofexam, student, subject, duration) VALUES (276, '2017-11-08', 370, 5, 10);
INSERT INTO exam (exam_id, dateofexam, student, subject, duration) VALUES (277, '2018-03-04', 508, 6, 50);
INSERT INTO exam (exam_id, dateofexam, student, subject, duration) VALUES (278, '2018-04-05', 445, 7, 40);
INSERT INTO exam (exam_id, dateofexam, student, subject, duration) VALUES (279, '2017-09-26', 488, 5, 50);
INSERT INTO exam (exam_id, dateofexam, student, subject, duration) VALUES (280, '2018-04-29', 319, 5, 20);
INSERT INTO exam (exam_id, dateofexam, student, subject, duration) VALUES (281, '2018-06-07', 116, 9, 20);
INSERT INTO exam (exam_id, dateofexam, student, subject, duration) VALUES (282, '2018-01-13', 460, 3, 10);
INSERT INTO exam (exam_id, dateofexam, student, subject, duration) VALUES (283, '2018-02-07', 510, 1, 10);
INSERT INTO exam (exam_id, dateofexam, student, subject, duration) VALUES (284, '2018-06-04', 195, 4, 40);
INSERT INTO exam (exam_id, dateofexam, student, subject, duration) VALUES (285, '2017-09-27', 535, 10, 10);
INSERT INTO exam (exam_id, dateofexam, student, subject, duration) VALUES (286, '2018-04-28', 432, 1, 20);
INSERT INTO exam (exam_id, dateofexam, student, subject, duration) VALUES (287, '2017-12-24', 380, 3, 10);
INSERT INTO exam (exam_id, dateofexam, student, subject, duration) VALUES (288, '2018-04-25', 440, 1, 40);
INSERT INTO exam (exam_id, dateofexam, student, subject, duration) VALUES (289, '2017-11-22', 512, 4, 20);
INSERT INTO exam (exam_id, dateofexam, student, subject, duration) VALUES (290, '2018-01-20', 140, 4, 30);
INSERT INTO exam (exam_id, dateofexam, student, subject, duration) VALUES (291, '2018-04-25', 178, 4, 10);
INSERT INTO exam (exam_id, dateofexam, student, subject, duration) VALUES (292, '2018-02-25', 270, 9, 20);
INSERT INTO exam (exam_id, dateofexam, student, subject, duration) VALUES (293, '2017-09-26', 425, 3, 30);
INSERT INTO exam (exam_id, dateofexam, student, subject, duration) VALUES (294, '2017-12-25', 500, 6, 30);
INSERT INTO exam (exam_id, dateofexam, student, subject, duration) VALUES (295, '2018-05-26', 162, 3, 10);
INSERT INTO exam (exam_id, dateofexam, student, subject, duration) VALUES (296, '2018-04-19', 515, 7, 50);
INSERT INTO exam (exam_id, dateofexam, student, subject, duration) VALUES (297, '2017-10-24', 215, 1, 50);
INSERT INTO exam (exam_id, dateofexam, student, subject, duration) VALUES (298, '2017-12-22', 335, 6, 10);
INSERT INTO exam (exam_id, dateofexam, student, subject, duration) VALUES (299, '2018-02-18', 339, 3, 50);
INSERT INTO exam (exam_id, dateofexam, student, subject, duration) VALUES (300, '2017-10-04', 488, 5, 20);
INSERT INTO exam (exam_id, dateofexam, student, subject, duration) VALUES (301, '2018-03-14', 368, 2, 10);
INSERT INTO exam (exam_id, dateofexam, student, subject, duration) VALUES (302, '2017-12-09', 261, 10, 10);
INSERT INTO exam (exam_id, dateofexam, student, subject, duration) VALUES (303, '2018-01-06', 446, 7, 30);
INSERT INTO exam (exam_id, dateofexam, student, subject, duration) VALUES (304, '2017-10-06', 354, 8, 50);
INSERT INTO exam (exam_id, dateofexam, student, subject, duration) VALUES (305, '2017-11-13', 387, 4, 40);
INSERT INTO exam (exam_id, dateofexam, student, subject, duration) VALUES (306, '2018-01-11', 594, 6, 50);
INSERT INTO exam (exam_id, dateofexam, student, subject, duration) VALUES (307, '2018-04-17', 144, 5, 20);
INSERT INTO exam (exam_id, dateofexam, student, subject, duration) VALUES (308, '2017-10-18', 518, 8, 10);
INSERT INTO exam (exam_id, dateofexam, student, subject, duration) VALUES (309, '2018-05-25', 531, 6, 50);
INSERT INTO exam (exam_id, dateofexam, student, subject, duration) VALUES (310, '2018-06-04', 419, 7, 20);
INSERT INTO exam (exam_id, dateofexam, student, subject, duration) VALUES (311, '2018-04-21', 273, 4, 20);
INSERT INTO exam (exam_id, dateofexam, student, subject, duration) VALUES (312, '2018-04-17', 153, 10, 40);
INSERT INTO exam (exam_id, dateofexam, student, subject, duration) VALUES (313, '2018-04-26', 304, 4, 20);
INSERT INTO exam (exam_id, dateofexam, student, subject, duration) VALUES (314, '2017-12-18', 148, 5, 30);
INSERT INTO exam (exam_id, dateofexam, student, subject, duration) VALUES (315, '2018-05-20', 266, 3, 50);
INSERT INTO exam (exam_id, dateofexam, student, subject, duration) VALUES (316, '2018-06-20', 538, 9, 20);
INSERT INTO exam (exam_id, dateofexam, student, subject, duration) VALUES (317, '2017-11-15', 155, 3, 20);
INSERT INTO exam (exam_id, dateofexam, student, subject, duration) VALUES (318, '2018-04-08', 328, 9, 20);
INSERT INTO exam (exam_id, dateofexam, student, subject, duration) VALUES (319, '2017-12-14', 267, 4, 10);
INSERT INTO exam (exam_id, dateofexam, student, subject, duration) VALUES (320, '2018-02-09', 390, 2, 40);
INSERT INTO exam (exam_id, dateofexam, student, subject, duration) VALUES (321, '2017-12-16', 603, 9, 20);
INSERT INTO exam (exam_id, dateofexam, student, subject, duration) VALUES (322, '2017-11-11', 343, 8, 40);
INSERT INTO exam (exam_id, dateofexam, student, subject, duration) VALUES (323, '2017-09-27', 595, 6, 40);
INSERT INTO exam (exam_id, dateofexam, student, subject, duration) VALUES (324, '2017-09-12', 428, 9, 40);
INSERT INTO exam (exam_id, dateofexam, student, subject, duration) VALUES (325, '2018-06-09', 282, 7, 30);
INSERT INTO exam (exam_id, dateofexam, student, subject, duration) VALUES (326, '2018-05-23', 594, 8, 10);
INSERT INTO exam (exam_id, dateofexam, student, subject, duration) VALUES (327, '2018-04-18', 311, 3, 20);
INSERT INTO exam (exam_id, dateofexam, student, subject, duration) VALUES (328, '2017-11-05', 268, 4, 30);
INSERT INTO exam (exam_id, dateofexam, student, subject, duration) VALUES (329, '2017-11-04', 125, 9, 10);
INSERT INTO exam (exam_id, dateofexam, student, subject, duration) VALUES (330, '2018-05-08', 444, 9, 30);
INSERT INTO exam (exam_id, dateofexam, student, subject, duration) VALUES (331, '2018-05-07', 388, 6, 20);
INSERT INTO exam (exam_id, dateofexam, student, subject, duration) VALUES (332, '2018-02-17', 247, 4, 30);
INSERT INTO exam (exam_id, dateofexam, student, subject, duration) VALUES (333, '2018-02-24', 449, 1, 20);
INSERT INTO exam (exam_id, dateofexam, student, subject, duration) VALUES (334, '2017-09-13', 539, 4, 50);
INSERT INTO exam (exam_id, dateofexam, student, subject, duration) VALUES (335, '2017-12-04', 433, 1, 10);
INSERT INTO exam (exam_id, dateofexam, student, subject, duration) VALUES (336, '2018-04-16', 139, 1, 20);
INSERT INTO exam (exam_id, dateofexam, student, subject, duration) VALUES (337, '2018-01-05', 541, 3, 50);
INSERT INTO exam (exam_id, dateofexam, student, subject, duration) VALUES (338, '2018-04-27', 406, 8, 30);
INSERT INTO exam (exam_id, dateofexam, student, subject, duration) VALUES (339, '2018-05-20', 133, 4, 30);
INSERT INTO exam (exam_id, dateofexam, student, subject, duration) VALUES (340, '2017-10-17', 446, 9, 10);
INSERT INTO exam (exam_id, dateofexam, student, subject, duration) VALUES (341, '2018-03-15', 479, 10, 10);
INSERT INTO exam (exam_id, dateofexam, student, subject, duration) VALUES (342, '2017-09-27', 111, 5, 50);
INSERT INTO exam (exam_id, dateofexam, student, subject, duration) VALUES (343, '2018-04-07', 315, 3, 30);
INSERT INTO exam (exam_id, dateofexam, student, subject, duration) VALUES (344, '2018-06-01', 336, 8, 20);
INSERT INTO exam (exam_id, dateofexam, student, subject, duration) VALUES (345, '2018-02-24', 431, 5, 10);
INSERT INTO exam (exam_id, dateofexam, student, subject, duration) VALUES (346, '2018-02-25', 587, 1, 20);
INSERT INTO exam (exam_id, dateofexam, student, subject, duration) VALUES (347, '2017-09-30', 450, 1, 30);
INSERT INTO exam (exam_id, dateofexam, student, subject, duration) VALUES (348, '2017-11-01', 116, 9, 40);
INSERT INTO exam (exam_id, dateofexam, student, subject, duration) VALUES (349, '2018-01-25', 535, 1, 50);
INSERT INTO exam (exam_id, dateofexam, student, subject, duration) VALUES (350, '2017-10-25', 176, 2, 10);
INSERT INTO exam (exam_id, dateofexam, student, subject, duration) VALUES (351, '2018-04-23', 206, 4, 30);
INSERT INTO exam (exam_id, dateofexam, student, subject, duration) VALUES (352, '2017-11-08', 248, 9, 20);
INSERT INTO exam (exam_id, dateofexam, student, subject, duration) VALUES (353, '2018-04-18', 220, 6, 30);
INSERT INTO exam (exam_id, dateofexam, student, subject, duration) VALUES (354, '2017-09-11', 115, 9, 20);
INSERT INTO exam (exam_id, dateofexam, student, subject, duration) VALUES (355, '2017-12-24', 519, 10, 40);
INSERT INTO exam (exam_id, dateofexam, student, subject, duration) VALUES (356, '2018-05-28', 609, 9, 20);
INSERT INTO exam (exam_id, dateofexam, student, subject, duration) VALUES (357, '2017-10-06', 150, 7, 50);
INSERT INTO exam (exam_id, dateofexam, student, subject, duration) VALUES (358, '2017-10-09', 243, 8, 20);
INSERT INTO exam (exam_id, dateofexam, student, subject, duration) VALUES (359, '2017-11-14', 247, 7, 40);
INSERT INTO exam (exam_id, dateofexam, student, subject, duration) VALUES (360, '2017-09-21', 417, 5, 20);
INSERT INTO exam (exam_id, dateofexam, student, subject, duration) VALUES (361, '2018-03-06', 145, 2, 50);
INSERT INTO exam (exam_id, dateofexam, student, subject, duration) VALUES (362, '2017-10-19', 134, 10, 30);
INSERT INTO exam (exam_id, dateofexam, student, subject, duration) VALUES (363, '2018-01-10', 333, 4, 30);
INSERT INTO exam (exam_id, dateofexam, student, subject, duration) VALUES (364, '2017-12-31', 438, 5, 40);
INSERT INTO exam (exam_id, dateofexam, student, subject, duration) VALUES (365, '2018-04-19', 219, 7, 40);
INSERT INTO exam (exam_id, dateofexam, student, subject, duration) VALUES (366, '2018-05-03', 521, 7, 30);
INSERT INTO exam (exam_id, dateofexam, student, subject, duration) VALUES (367, '2017-10-19', 586, 6, 10);
INSERT INTO exam (exam_id, dateofexam, student, subject, duration) VALUES (368, '2018-05-15', 122, 5, 30);
INSERT INTO exam (exam_id, dateofexam, student, subject, duration) VALUES (369, '2017-10-30', 129, 4, 20);
INSERT INTO exam (exam_id, dateofexam, student, subject, duration) VALUES (370, '2017-10-27', 513, 6, 20);
INSERT INTO exam (exam_id, dateofexam, student, subject, duration) VALUES (371, '2018-01-15', 292, 8, 30);
INSERT INTO exam (exam_id, dateofexam, student, subject, duration) VALUES (372, '2018-03-03', 337, 10, 40);
INSERT INTO exam (exam_id, dateofexam, student, subject, duration) VALUES (373, '2018-02-19', 336, 8, 50);
INSERT INTO exam (exam_id, dateofexam, student, subject, duration) VALUES (374, '2017-11-27', 381, 2, 50);
INSERT INTO exam (exam_id, dateofexam, student, subject, duration) VALUES (375, '2018-04-27', 440, 6, 10);
INSERT INTO exam (exam_id, dateofexam, student, subject, duration) VALUES (376, '2017-09-24', 153, 9, 30);
INSERT INTO exam (exam_id, dateofexam, student, subject, duration) VALUES (377, '2018-05-02', 336, 9, 20);
INSERT INTO exam (exam_id, dateofexam, student, subject, duration) VALUES (378, '2017-11-11', 377, 7, 40);
INSERT INTO exam (exam_id, dateofexam, student, subject, duration) VALUES (379, '2017-10-16', 546, 10, 40);
INSERT INTO exam (exam_id, dateofexam, student, subject, duration) VALUES (380, '2017-11-22', 489, 10, 40);
INSERT INTO exam (exam_id, dateofexam, student, subject, duration) VALUES (381, '2017-10-22', 144, 10, 10);
INSERT INTO exam (exam_id, dateofexam, student, subject, duration) VALUES (382, '2018-01-09', 186, 2, 20);
INSERT INTO exam (exam_id, dateofexam, student, subject, duration) VALUES (383, '2018-05-04', 290, 2, 20);
INSERT INTO exam (exam_id, dateofexam, student, subject, duration) VALUES (384, '2017-11-12', 474, 1, 20);
INSERT INTO exam (exam_id, dateofexam, student, subject, duration) VALUES (385, '2018-06-03', 409, 2, 40);
INSERT INTO exam (exam_id, dateofexam, student, subject, duration) VALUES (386, '2017-10-12', 199, 5, 10);
INSERT INTO exam (exam_id, dateofexam, student, subject, duration) VALUES (387, '2018-05-21', 295, 7, 30);
INSERT INTO exam (exam_id, dateofexam, student, subject, duration) VALUES (388, '2018-03-11', 149, 3, 40);
INSERT INTO exam (exam_id, dateofexam, student, subject, duration) VALUES (389, '2018-01-03', 465, 2, 40);
INSERT INTO exam (exam_id, dateofexam, student, subject, duration) VALUES (390, '2017-11-15', 151, 9, 10);
INSERT INTO exam (exam_id, dateofexam, student, subject, duration) VALUES (391, '2017-11-04', 262, 5, 30);
INSERT INTO exam (exam_id, dateofexam, student, subject, duration) VALUES (392, '2018-04-28', 244, 7, 30);
INSERT INTO exam (exam_id, dateofexam, student, subject, duration) VALUES (393, '2017-10-09', 540, 1, 30);
INSERT INTO exam (exam_id, dateofexam, student, subject, duration) VALUES (394, '2017-11-13', 422, 10, 50);
INSERT INTO exam (exam_id, dateofexam, student, subject, duration) VALUES (395, '2018-02-06', 591, 1, 10);
INSERT INTO exam (exam_id, dateofexam, student, subject, duration) VALUES (396, '2017-11-29', 315, 2, 30);
INSERT INTO exam (exam_id, dateofexam, student, subject, duration) VALUES (397, '2018-02-11', 299, 8, 20);
INSERT INTO exam (exam_id, dateofexam, student, subject, duration) VALUES (398, '2017-09-25', 447, 2, 50);
INSERT INTO exam (exam_id, dateofexam, student, subject, duration) VALUES (399, '2018-02-06', 255, 6, 20);
INSERT INTO exam (exam_id, dateofexam, student, subject, duration) VALUES (400, '2018-04-30', 255, 10, 30);
INSERT INTO exam (exam_id, dateofexam, student, subject, duration) VALUES (401, '2017-12-28', 114, 9, 30);
INSERT INTO exam (exam_id, dateofexam, student, subject, duration) VALUES (402, '2018-06-01', 436, 4, 50);
INSERT INTO exam (exam_id, dateofexam, student, subject, duration) VALUES (403, '2017-12-01', 561, 9, 30);
INSERT INTO exam (exam_id, dateofexam, student, subject, duration) VALUES (404, '2017-12-10', 377, 1, 50);
INSERT INTO exam (exam_id, dateofexam, student, subject, duration) VALUES (405, '2018-01-13', 379, 10, 30);
INSERT INTO exam (exam_id, dateofexam, student, subject, duration) VALUES (406, '2018-05-30', 228, 2, 10);
INSERT INTO exam (exam_id, dateofexam, student, subject, duration) VALUES (407, '2018-05-30', 199, 9, 50);
INSERT INTO exam (exam_id, dateofexam, student, subject, duration) VALUES (408, '2018-05-03', 445, 2, 10);
INSERT INTO exam (exam_id, dateofexam, student, subject, duration) VALUES (409, '2017-09-26', 530, 2, 40);
INSERT INTO exam (exam_id, dateofexam, student, subject, duration) VALUES (410, '2017-10-31', 117, 8, 10);
INSERT INTO exam (exam_id, dateofexam, student, subject, duration) VALUES (411, '2018-01-16', 263, 1, 50);
INSERT INTO exam (exam_id, dateofexam, student, subject, duration) VALUES (412, '2018-01-06', 129, 5, 20);
INSERT INTO exam (exam_id, dateofexam, student, subject, duration) VALUES (413, '2018-02-15', 304, 9, 20);
INSERT INTO exam (exam_id, dateofexam, student, subject, duration) VALUES (414, '2018-03-30', 573, 9, 50);
INSERT INTO exam (exam_id, dateofexam, student, subject, duration) VALUES (415, '2018-02-06', 324, 9, 30);
INSERT INTO exam (exam_id, dateofexam, student, subject, duration) VALUES (416, '2017-10-11', 339, 4, 30);
INSERT INTO exam (exam_id, dateofexam, student, subject, duration) VALUES (417, '2017-09-29', 287, 2, 20);
INSERT INTO exam (exam_id, dateofexam, student, subject, duration) VALUES (418, '2017-12-23', 198, 9, 30);
INSERT INTO exam (exam_id, dateofexam, student, subject, duration) VALUES (419, '2018-04-12', 599, 8, 50);
INSERT INTO exam (exam_id, dateofexam, student, subject, duration) VALUES (420, '2017-11-09', 403, 8, 20);
INSERT INTO exam (exam_id, dateofexam, student, subject, duration) VALUES (421, '2018-01-22', 131, 7, 30);
INSERT INTO exam (exam_id, dateofexam, student, subject, duration) VALUES (422, '2018-06-09', 171, 3, 40);
INSERT INTO exam (exam_id, dateofexam, student, subject, duration) VALUES (423, '2018-05-19', 135, 1, 20);
INSERT INTO exam (exam_id, dateofexam, student, subject, duration) VALUES (424, '2017-11-23', 385, 1, 40);
INSERT INTO exam (exam_id, dateofexam, student, subject, duration) VALUES (425, '2017-10-17', 505, 8, 20);
INSERT INTO exam (exam_id, dateofexam, student, subject, duration) VALUES (426, '2018-06-10', 157, 7, 20);
INSERT INTO exam (exam_id, dateofexam, student, subject, duration) VALUES (427, '2018-02-10', 571, 7, 10);
INSERT INTO exam (exam_id, dateofexam, student, subject, duration) VALUES (428, '2018-05-06', 468, 10, 30);
INSERT INTO exam (exam_id, dateofexam, student, subject, duration) VALUES (429, '2017-11-20', 279, 5, 20);
INSERT INTO exam (exam_id, dateofexam, student, subject, duration) VALUES (430, '2017-09-29', 207, 1, 30);
INSERT INTO exam (exam_id, dateofexam, student, subject, duration) VALUES (431, '2018-01-20', 526, 7, 10);
INSERT INTO exam (exam_id, dateofexam, student, subject, duration) VALUES (432, '2018-04-10', 305, 7, 20);
INSERT INTO exam (exam_id, dateofexam, student, subject, duration) VALUES (433, '2017-11-23', 261, 9, 50);
INSERT INTO exam (exam_id, dateofexam, student, subject, duration) VALUES (434, '2018-02-14', 421, 8, 40);
INSERT INTO exam (exam_id, dateofexam, student, subject, duration) VALUES (435, '2017-12-05', 362, 4, 30);
INSERT INTO exam (exam_id, dateofexam, student, subject, duration) VALUES (436, '2018-02-15', 141, 9, 40);
INSERT INTO exam (exam_id, dateofexam, student, subject, duration) VALUES (437, '2018-02-01', 605, 8, 40);
INSERT INTO exam (exam_id, dateofexam, student, subject, duration) VALUES (438, '2017-10-14', 139, 1, 40);
INSERT INTO exam (exam_id, dateofexam, student, subject, duration) VALUES (439, '2018-03-11', 553, 6, 50);
INSERT INTO exam (exam_id, dateofexam, student, subject, duration) VALUES (440, '2018-03-08', 411, 2, 10);
INSERT INTO exam (exam_id, dateofexam, student, subject, duration) VALUES (441, '2018-03-29', 278, 1, 10);
INSERT INTO exam (exam_id, dateofexam, student, subject, duration) VALUES (442, '2018-06-04', 375, 1, 30);
INSERT INTO exam (exam_id, dateofexam, student, subject, duration) VALUES (443, '2018-05-25', 379, 10, 50);
INSERT INTO exam (exam_id, dateofexam, student, subject, duration) VALUES (444, '2018-03-01', 564, 9, 50);
INSERT INTO exam (exam_id, dateofexam, student, subject, duration) VALUES (445, '2018-06-21', 415, 4, 50);
INSERT INTO exam (exam_id, dateofexam, student, subject, duration) VALUES (446, '2018-01-09', 468, 10, 10);
INSERT INTO exam (exam_id, dateofexam, student, subject, duration) VALUES (447, '2018-03-31', 301, 8, 10);
INSERT INTO exam (exam_id, dateofexam, student, subject, duration) VALUES (448, '2018-03-17', 542, 1, 40);
INSERT INTO exam (exam_id, dateofexam, student, subject, duration) VALUES (449, '2018-01-02', 318, 6, 30);
INSERT INTO exam (exam_id, dateofexam, student, subject, duration) VALUES (450, '2018-02-05', 582, 10, 50);
INSERT INTO exam (exam_id, dateofexam, student, subject, duration) VALUES (451, '2017-12-14', 441, 9, 20);
INSERT INTO exam (exam_id, dateofexam, student, subject, duration) VALUES (452, '2018-01-04', 239, 2, 30);
INSERT INTO exam (exam_id, dateofexam, student, subject, duration) VALUES (453, '2018-03-04', 177, 8, 50);
INSERT INTO exam (exam_id, dateofexam, student, subject, duration) VALUES (454, '2017-11-23', 290, 3, 30);
INSERT INTO exam (exam_id, dateofexam, student, subject, duration) VALUES (455, '2018-03-18', 370, 3, 20);
INSERT INTO exam (exam_id, dateofexam, student, subject, duration) VALUES (456, '2018-01-17', 277, 3, 40);
INSERT INTO exam (exam_id, dateofexam, student, subject, duration) VALUES (457, '2017-12-20', 224, 10, 20);
INSERT INTO exam (exam_id, dateofexam, student, subject, duration) VALUES (458, '2018-01-11', 198, 5, 30);
INSERT INTO exam (exam_id, dateofexam, student, subject, duration) VALUES (459, '2018-05-14', 399, 3, 20);
INSERT INTO exam (exam_id, dateofexam, student, subject, duration) VALUES (460, '2018-03-22', 594, 5, 20);
INSERT INTO exam (exam_id, dateofexam, student, subject, duration) VALUES (461, '2018-01-03', 537, 3, 10);
INSERT INTO exam (exam_id, dateofexam, student, subject, duration) VALUES (462, '2018-02-14', 122, 8, 30);
INSERT INTO exam (exam_id, dateofexam, student, subject, duration) VALUES (463, '2018-03-29', 416, 9, 40);
INSERT INTO exam (exam_id, dateofexam, student, subject, duration) VALUES (464, '2018-02-16', 520, 5, 10);
INSERT INTO exam (exam_id, dateofexam, student, subject, duration) VALUES (465, '2017-12-30', 538, 9, 10);
INSERT INTO exam (exam_id, dateofexam, student, subject, duration) VALUES (466, '2017-11-28', 581, 1, 20);
INSERT INTO exam (exam_id, dateofexam, student, subject, duration) VALUES (467, '2018-05-21', 228, 6, 20);
INSERT INTO exam (exam_id, dateofexam, student, subject, duration) VALUES (468, '2017-09-23', 272, 8, 10);
INSERT INTO exam (exam_id, dateofexam, student, subject, duration) VALUES (469, '2018-06-21', 159, 9, 30);
INSERT INTO exam (exam_id, dateofexam, student, subject, duration) VALUES (470, '2018-03-14', 172, 4, 30);
INSERT INTO exam (exam_id, dateofexam, student, subject, duration) VALUES (471, '2018-06-09', 609, 1, 40);
INSERT INTO exam (exam_id, dateofexam, student, subject, duration) VALUES (472, '2017-11-03', 302, 10, 40);
INSERT INTO exam (exam_id, dateofexam, student, subject, duration) VALUES (473, '2018-02-05', 520, 2, 50);
INSERT INTO exam (exam_id, dateofexam, student, subject, duration) VALUES (474, '2017-09-13', 246, 8, 10);
INSERT INTO exam (exam_id, dateofexam, student, subject, duration) VALUES (475, '2017-10-16', 139, 9, 40);
INSERT INTO exam (exam_id, dateofexam, student, subject, duration) VALUES (476, '2017-09-26', 506, 9, 40);
INSERT INTO exam (exam_id, dateofexam, student, subject, duration) VALUES (477, '2017-10-23', 267, 3, 30);
INSERT INTO exam (exam_id, dateofexam, student, subject, duration) VALUES (478, '2018-05-17', 125, 8, 40);
INSERT INTO exam (exam_id, dateofexam, student, subject, duration) VALUES (479, '2018-05-18', 323, 8, 40);
INSERT INTO exam (exam_id, dateofexam, student, subject, duration) VALUES (480, '2017-10-05', 517, 1, 40);
INSERT INTO exam (exam_id, dateofexam, student, subject, duration) VALUES (481, '2017-12-12', 365, 4, 20);
INSERT INTO exam (exam_id, dateofexam, student, subject, duration) VALUES (482, '2017-10-29', 364, 9, 40);
INSERT INTO exam (exam_id, dateofexam, student, subject, duration) VALUES (483, '2018-05-08', 419, 3, 20);
INSERT INTO exam (exam_id, dateofexam, student, subject, duration) VALUES (484, '2018-02-23', 457, 3, 30);
INSERT INTO exam (exam_id, dateofexam, student, subject, duration) VALUES (485, '2018-01-18', 354, 6, 40);
INSERT INTO exam (exam_id, dateofexam, student, subject, duration) VALUES (486, '2018-04-30', 574, 4, 50);
INSERT INTO exam (exam_id, dateofexam, student, subject, duration) VALUES (487, '2018-01-30', 202, 4, 20);
INSERT INTO exam (exam_id, dateofexam, student, subject, duration) VALUES (488, '2018-06-06', 460, 2, 20);
INSERT INTO exam (exam_id, dateofexam, student, subject, duration) VALUES (489, '2017-11-11', 497, 5, 10);
INSERT INTO exam (exam_id, dateofexam, student, subject, duration) VALUES (490, '2017-10-07', 158, 7, 50);
INSERT INTO exam (exam_id, dateofexam, student, subject, duration) VALUES (491, '2018-01-10', 287, 9, 40);
INSERT INTO exam (exam_id, dateofexam, student, subject, duration) VALUES (492, '2017-10-11', 339, 9, 10);
INSERT INTO exam (exam_id, dateofexam, student, subject, duration) VALUES (493, '2018-06-03', 126, 10, 40);
INSERT INTO exam (exam_id, dateofexam, student, subject, duration) VALUES (494, '2018-03-20', 391, 5, 20);
INSERT INTO exam (exam_id, dateofexam, student, subject, duration) VALUES (495, '2018-04-06', 237, 5, 20);
INSERT INTO exam (exam_id, dateofexam, student, subject, duration) VALUES (496, '2017-11-07', 232, 10, 50);
INSERT INTO exam (exam_id, dateofexam, student, subject, duration) VALUES (497, '2018-02-21', 391, 7, 50);
INSERT INTO exam (exam_id, dateofexam, student, subject, duration) VALUES (498, '2018-05-28', 186, 8, 10);
INSERT INTO exam (exam_id, dateofexam, student, subject, duration) VALUES (499, '2018-03-09', 560, 4, 10);
INSERT INTO exam (exam_id, dateofexam, student, subject, duration) VALUES (500, '2017-10-04', 500, 7, 10);
INSERT INTO exam (exam_id, dateofexam, student, subject, duration) VALUES (501, '2017-11-24', 531, 8, 50);
INSERT INTO exam (exam_id, dateofexam, student, subject, duration) VALUES (502, '2017-11-27', 350, 9, 30);
INSERT INTO exam (exam_id, dateofexam, student, subject, duration) VALUES (503, '2018-04-06', 276, 4, 40);
INSERT INTO exam (exam_id, dateofexam, student, subject, duration) VALUES (504, '2018-04-06', 163, 6, 30);
INSERT INTO exam (exam_id, dateofexam, student, subject, duration) VALUES (505, '2018-05-17', 178, 4, 10);
INSERT INTO exam (exam_id, dateofexam, student, subject, duration) VALUES (506, '2017-10-09', 136, 10, 40);
INSERT INTO exam (exam_id, dateofexam, student, subject, duration) VALUES (507, '2018-01-12', 203, 1, 30);
INSERT INTO exam (exam_id, dateofexam, student, subject, duration) VALUES (508, '2017-10-03', 475, 1, 30);
INSERT INTO exam (exam_id, dateofexam, student, subject, duration) VALUES (509, '2018-04-04', 123, 8, 40);
INSERT INTO exam (exam_id, dateofexam, student, subject, duration) VALUES (510, '2017-09-22', 156, 10, 20);
INSERT INTO exam (exam_id, dateofexam, student, subject, duration) VALUES (511, '2017-10-11', 518, 8, 40);
INSERT INTO exam (exam_id, dateofexam, student, subject, duration) VALUES (512, '2018-06-13', 515, 5, 50);
INSERT INTO exam (exam_id, dateofexam, student, subject, duration) VALUES (513, '2017-09-22', 249, 1, 20);
INSERT INTO exam (exam_id, dateofexam, student, subject, duration) VALUES (514, '2018-03-29', 238, 3, 30);
INSERT INTO exam (exam_id, dateofexam, student, subject, duration) VALUES (515, '2017-11-03', 440, 4, 30);
INSERT INTO exam (exam_id, dateofexam, student, subject, duration) VALUES (516, '2017-10-07', 242, 6, 10);
INSERT INTO exam (exam_id, dateofexam, student, subject, duration) VALUES (517, '2018-06-01', 148, 6, 50);
INSERT INTO exam (exam_id, dateofexam, student, subject, duration) VALUES (518, '2018-04-04', 475, 3, 40);
INSERT INTO exam (exam_id, dateofexam, student, subject, duration) VALUES (519, '2018-06-14', 250, 4, 50);
INSERT INTO exam (exam_id, dateofexam, student, subject, duration) VALUES (520, '2018-01-22', 454, 8, 10);
INSERT INTO exam (exam_id, dateofexam, student, subject, duration) VALUES (521, '2017-10-01', 386, 8, 30);
INSERT INTO exam (exam_id, dateofexam, student, subject, duration) VALUES (522, '2017-12-01', 399, 10, 50);
INSERT INTO exam (exam_id, dateofexam, student, subject, duration) VALUES (523, '2017-10-02', 388, 4, 50);
INSERT INTO exam (exam_id, dateofexam, student, subject, duration) VALUES (524, '2017-09-18', 278, 6, 30);
INSERT INTO exam (exam_id, dateofexam, student, subject, duration) VALUES (525, '2017-10-17', 337, 5, 10);
INSERT INTO exam (exam_id, dateofexam, student, subject, duration) VALUES (526, '2018-06-13', 131, 1, 20);
INSERT INTO exam (exam_id, dateofexam, student, subject, duration) VALUES (527, '2018-05-05', 400, 9, 30);
INSERT INTO exam (exam_id, dateofexam, student, subject, duration) VALUES (528, '2018-03-21', 471, 3, 10);
INSERT INTO exam (exam_id, dateofexam, student, subject, duration) VALUES (529, '2017-12-06', 349, 3, 20);
INSERT INTO exam (exam_id, dateofexam, student, subject, duration) VALUES (530, '2018-01-07', 468, 8, 20);
INSERT INTO exam (exam_id, dateofexam, student, subject, duration) VALUES (531, '2017-11-23', 321, 10, 50);
INSERT INTO exam (exam_id, dateofexam, student, subject, duration) VALUES (532, '2017-11-10', 580, 10, 50);
INSERT INTO exam (exam_id, dateofexam, student, subject, duration) VALUES (533, '2018-04-17', 252, 9, 10);
INSERT INTO exam (exam_id, dateofexam, student, subject, duration) VALUES (534, '2018-03-20', 465, 6, 50);
INSERT INTO exam (exam_id, dateofexam, student, subject, duration) VALUES (535, '2018-01-05', 119, 8, 30);
INSERT INTO exam (exam_id, dateofexam, student, subject, duration) VALUES (536, '2017-12-30', 351, 9, 50);
INSERT INTO exam (exam_id, dateofexam, student, subject, duration) VALUES (537, '2017-12-19', 227, 8, 50);
INSERT INTO exam (exam_id, dateofexam, student, subject, duration) VALUES (538, '2017-09-14', 528, 8, 40);
INSERT INTO exam (exam_id, dateofexam, student, subject, duration) VALUES (539, '2017-09-18', 309, 6, 50);
INSERT INTO exam (exam_id, dateofexam, student, subject, duration) VALUES (540, '2017-12-23', 600, 2, 50);
INSERT INTO exam (exam_id, dateofexam, student, subject, duration) VALUES (541, '2018-04-22', 150, 4, 20);
INSERT INTO exam (exam_id, dateofexam, student, subject, duration) VALUES (542, '2018-01-11', 309, 1, 50);
INSERT INTO exam (exam_id, dateofexam, student, subject, duration) VALUES (543, '2017-10-03', 434, 8, 50);
INSERT INTO exam (exam_id, dateofexam, student, subject, duration) VALUES (544, '2018-05-14', 418, 4, 40);
INSERT INTO exam (exam_id, dateofexam, student, subject, duration) VALUES (545, '2017-12-09', 458, 1, 40);
INSERT INTO exam (exam_id, dateofexam, student, subject, duration) VALUES (546, '2017-10-07', 558, 7, 50);
INSERT INTO exam (exam_id, dateofexam, student, subject, duration) VALUES (547, '2017-09-15', 215, 7, 30);
INSERT INTO exam (exam_id, dateofexam, student, subject, duration) VALUES (548, '2018-04-15', 491, 9, 20);


